web_name,position_name,short_name,price,team_id,ownership,form,minutes,goals_scored,assists,clean_sheets,bonus,ict_index,has_injury_news,is_available,pts_per_90,pts_per_million,gc_per_90,appearance_rate,fixture_ease,avg_opp_strength,fixture_count,team_avg_goals_scored,team_avg_goals_conceded,form_tier,ownership_tier,total_points,predicted_points,value_score,rag_score
B.Fernandes,MID,MUN,10.3,14,0.0,7.0,2570,8,19,4,36,312.4,0,True,6.898832684824902,19.126213592233007,0.9455252918287936,0.7514619883040936,2.6666666666666665,3.333333333333333,6,1.78125,1.40625,hot,differential,197,195.72,19.002,79.76
N.Williams,DEF,NFO,4.8,16,0.0,8.7,2708,2,3,8,15,152.5,0,True,3.822008862629247,23.958333333333336,0.1661742983751846,0.791812865497076,2.833333333333333,3.1666666666666665,6,1.0,1.375,elite,differential,115,132.96,27.7,78.5
Gabriel,DEF,ARS,7.1,1,0.0,2.0,2255,3,5,14,25,103.0,0,True,7.064301552106429,24.92957746478873,0.319290465631929,0.6593567251461988,3.0,3.0,6,1.9375,0.75,cold,differential,177,176.38,24.842,77.77
Wilson,MID,FUL,6.0,10,0.0,4.7,2431,10,8,8,21,178.6,0,True,5.8124228712464,26.166666666666668,0.6663924310983134,0.7108187134502923,2.833333333333333,3.1666666666666665,6,1.34375,1.4375,hot,differential,157,156.91,26.152,76.12
Guéhi,DEF,MCI,5.1,13,0.0,5.0,2610,3,4,11,12,136.1,0,True,5.172413793103448,29.411764705882355,0.2413793103448276,0.7631578947368421,2.857142857142857,3.142857142857143,7,2.032258064516129,0.9032258064516128,hot,differential,150,143.58,28.153,75.67
Rice,MID,ARS,7.2,1,0.0,2.0,2670,4,9,14,23,199.5,0,True,5.629213483146067,23.194444444444443,0.4382022471910112,0.7807017543859649,3.0,3.0,6,1.9375,0.75,cold,differential,167,167.21,23.224,74.73
O'Reilly,DEF,MCI,5.1,13,0.0,4.7,2193,5,3,12,8,136.3,0,True,5.704514363885089,27.25490196078432,0.3283173734610123,0.6412280701754386,2.857142857142857,3.142857142857143,7,2.032258064516129,0.9032258064516128,hot,differential,139,138.87,27.229,73.58
Thiago,FWD,BRE,7.3,5,0.0,6.3,2832,21,1,9,22,228.6,0,True,5.338983050847458,23.013698630136982,0.6991525423728814,0.8280701754385965,2.5,3.5,6,1.5,1.375,hot,differential,168,168.01,23.015,73.1
Semenyo,MID,MCI,8.2,13,0.0,0.7,2680,15,6,9,17,221.3,0,True,5.91044776119403,21.463414634146343,0.7052238805970149,0.783625730994152,2.857142857142857,3.142857142857143,7,2.032258064516129,0.9032258064516128,cold,differential,176,174.94,21.334,70.58
Van Hecke,DEF,BHA,4.6,6,0.0,3.8,2760,3,3,8,8,129.2,0,True,4.271739130434782,28.47826086956522,0.1956521739130434,0.8070175438596491,2.833333333333333,3.1666666666666665,6,1.34375,1.15625,average,differential,131,129.51,28.154,70.54
Truffert,DEF,BOU,4.7,4,0.0,4.0,2928,1,4,9,12,121.8,0,True,4.118852459016393,28.51063829787234,0.1536885245901639,0.856140350877193,2.833333333333333,3.1666666666666665,6,1.5,1.53125,average,differential,134,129.84,27.626,70.53
Bowen,FWD,WHU,7.6,19,0.0,5.3,2869,8,10,6,23,200.9,0,True,4.925060996863019,20.657894736842103,0.5646566747995818,0.8388888888888889,2.6666666666666665,3.333333333333333,6,1.25,1.78125,hot,differential,157,157.21,20.686,70.43
Anderson,MID,NFO,5.6,16,0.0,3.0,2863,2,3,9,10,182.1,0,True,4.463849109325882,25.357142857142858,0.1571777855396437,0.8371345029239766,2.833333333333333,3.1666666666666665,6,1.0,1.375,average,differential,142,141.03,25.184,69.54
Calvert-Lewin,FWD,LEE,5.6,11,0.0,2.5,2293,11,2,7,16,157.7,0,True,4.631487134757959,21.071428571428573,0.510248582642826,0.67046783625731,3.333333333333333,2.6666666666666665,6,1.21875,1.53125,average,differential,118,118.18,21.104,69.44
Senesi,DEF,BOU,5.2,4,0.0,1.8,2838,0,4,9,11,143.3,0,True,4.534883720930233,27.5,0.1268498942917547,0.8298245614035088,2.833333333333333,3.1666666666666665,6,1.5,1.53125,cold,differential,143,142.02,27.312,69.41
Mukiele,DEF,SUN,4.5,17,0.0,4.7,2244,2,5,8,10,105.9,0,True,5.17379679144385,28.666666666666668,0.2807486631016043,0.656140350877193,2.833333333333333,3.1666666666666665,6,1.03125,1.125,hot,differential,129,119.92,26.649,68.88
Struijk,DEF,LEE,4.3,11,0.0,3.2,2610,0,1,7,3,101.3,0,True,3.4827586206896552,23.48837209302326,0.0344827586206896,0.7631578947368421,3.333333333333333,2.6666666666666665,6,1.21875,1.53125,average,differential,101,100.07,23.272,68.35
J.Timber,DEF,ARS,6.2,1,0.0,0.0,2452,3,6,13,9,125.7,1,True,5.469004893964111,24.032258064516128,0.3303425774877651,0.7169590643274854,3.0,3.0,6,1.9375,0.75,cold,differential,149,148.31,23.921,68.25
Casemiro,MID,MUN,5.7,14,0.0,3.7,2270,8,4,8,17,173.0,0,True,5.709251101321586,25.26315789473684,0.4757709251101322,0.6637426900584795,2.6666666666666665,3.333333333333333,6,1.78125,1.40625,average,differential,144,142.99,25.086,68.19
Ampadu,MID,LEE,4.9,11,0.0,2.8,2669,1,2,7,6,95.8,0,True,3.6418134132633946,22.04081632653061,0.1011614837017609,0.7804093567251462,3.333333333333333,2.6666666666666665,6,1.21875,1.53125,average,differential,108,106.8,21.796,68.06
Okafor,MID,LEE,5.5,11,0.0,6.8,1426,7,3,5,6,89.0,0,True,5.9326788218793824,17.09090909090909,0.6311360448807853,0.4169590643274853,3.333333333333333,2.6666666666666665,6,1.21875,1.53125,hot,differential,94,93.28,16.96,68.0
Garner,MID,EVE,5.3,9,0.0,3.0,2873,2,6,11,13,174.1,0,True,4.448311869126349,26.79245283018868,0.2506091193873999,0.8400584795321637,2.6666666666666665,3.333333333333333,6,1.21875,1.15625,average,differential,142,141.23,26.647,67.86
Tarkowski,DEF,EVE,5.7,9,0.0,3.0,2790,1,1,11,9,127.7,0,True,4.67741935483871,25.43859649122807,0.064516129032258,0.8157894736842105,2.6666666666666665,3.333333333333333,6,1.21875,1.15625,average,differential,145,144.46,25.344,67.59
Haaland,FWD,MCI,14.5,13,0.0,0.7,2503,22,7,11,35,250.3,0,True,7.155413503795446,13.724137931034482,1.0427487015581305,0.7318713450292398,2.857142857142857,3.142857142857143,7,2.032258064516129,0.9032258064516128,cold,differential,199,189.12,13.043,67.55
Matheus N.,DEF,MCI,5.3,13,0.0,2.0,2354,1,7,10,16,115.8,0,True,5.123194562446899,25.28301886792453,0.3058623619371283,0.6883040935672514,2.857142857142857,3.142857142857143,7,2.032258064516129,0.9032258064516128,cold,differential,134,134.87,25.447,67.31
Virgil,DEF,LIV,6.3,12,0.0,4.0,2880,3,1,10,10,153.9,0,True,4.5,22.857142857142858,0.125,0.8421052631578947,2.6666666666666665,3.333333333333333,6,1.625,1.3125,average,differential,144,143.72,22.813,67.17
Aaronson,MID,LEE,5.4,11,0.0,3.2,2137,4,8,9,5,127.1,0,True,5.011698642957417,22.037037037037035,0.5053813757604119,0.6248538011695907,3.333333333333333,2.6666666666666665,6,1.21875,1.53125,average,differential,119,105.74,19.581,66.87
João Pedro,FWD,CHE,7.7,7,0.0,1.0,2388,14,9,10,28,198.2,0,True,6.256281407035176,21.55844155844156,0.8668341708542713,0.6982456140350877,2.6666666666666665,3.333333333333333,6,1.65625,1.28125,cold,differential,166,168.08,21.829,66.83
Rodon,DEF,LEE,3.9,11,0.0,1.8,2547,2,0,5,5,88.4,0,True,3.53356890459364,25.64102564102564,0.0706713780918728,0.7447368421052631,3.333333333333333,2.6666666666666665,6,1.21875,1.53125,cold,differential,100,97.2,24.923,66.78
Rogers,MID,AVL,7.4,2,0.0,3.7,2830,8,7,9,13,201.7,0,True,4.547703180212015,19.324324324324323,0.4770318021201413,0.827485380116959,2.833333333333333,3.1666666666666665,6,1.34375,1.1875,average,differential,143,142.69,19.282,66.73
Scott,MID,BOU,5.0,4,0.0,3.8,2488,3,2,9,9,117.7,0,True,4.377009646302251,24.2,0.1808681672025723,0.7274853801169591,2.833333333333333,3.1666666666666665,6,1.5,1.53125,average,differential,121,120.62,24.124,65.82
Bogle,DEF,LEE,4.4,11,0.0,4.2,2583,1,4,6,1,86.8,0,True,3.0662020905923346,20.0,0.1742160278745644,0.7552631578947369,3.333333333333333,2.6666666666666665,6,1.21875,1.53125,hot,differential,88,88.82,20.186,65.38
Alderete,DEF,SUN,4.1,17,0.0,3.0,2443,1,1,9,5,105.4,0,True,4.089234547687269,27.07317073170732,0.0736799017601309,0.7143274853801169,2.833333333333333,3.1666666666666665,6,1.03125,1.125,average,differential,111,110.25,26.89,64.44
Verbruggen,GKP,BHA,4.5,6,0.0,3.5,2970,0,0,8,6,81.7,0,True,3.393939393939394,24.88888888888889,0.0,0.868421052631579,2.833333333333333,3.1666666666666665,6,1.34375,1.15625,average,differential,112,111.4,24.756,63.92
Zubimendi,MID,ARS,5.0,1,0.0,1.0,2672,5,1,15,9,115.5,0,True,4.008233532934131,23.8,0.2020958083832335,0.7812865497076024,3.0,3.0,6,1.9375,0.75,cold,differential,119,119.57,23.914,63.89
Bijol,DEF,LEE,3.9,11,0.0,5.2,1486,1,2,4,5,64.2,0,True,4.602960969044414,19.48717948717949,0.1816958277254374,0.4345029239766081,3.333333333333333,2.6666666666666665,6,1.21875,1.53125,hot,differential,76,75.96,19.477,63.78
Mavropanos,DEF,WHU,4.4,19,0.0,8.0,1992,3,0,4,5,93.0,0,True,4.427710843373494,22.27272727272727,0.1355421686746988,0.5824561403508772,2.6666666666666665,3.333333333333333,6,1.25,1.78125,elite,differential,98,98.21,22.32,63.66
Gibbs-White,MID,NFO,7.4,16,0.0,3.3,2723,9,2,9,11,187.5,0,True,4.461990451707675,18.24324324324324,0.3635695923613661,0.7961988304093567,2.833333333333333,3.1666666666666665,6,1.0,1.375,average,differential,135,134.51,18.177,63.64
Roefs,GKP,SUN,4.8,17,0.0,3.7,2610,0,0,9,12,79.8,0,True,4.172413793103448,25.208333333333336,0.0,0.7631578947368421,2.833333333333333,3.1666666666666665,6,1.03125,1.125,average,differential,121,112.51,23.44,63.51
Dewsbury-Hall,MID,EVE,5.1,9,0.0,4.0,2096,7,5,8,16,134.9,0,True,5.4103053435114505,24.705882352941178,0.5152671755725191,0.6128654970760234,2.6666666666666665,3.333333333333333,6,1.21875,1.15625,average,differential,126,121.64,23.851,63.38
Andersen,DEF,FUL,4.5,10,0.0,3.7,2651,0,1,7,5,98.1,0,True,3.768389287061486,24.666666666666668,0.0339494530365899,0.7751461988304094,2.833333333333333,3.1666666666666665,6,1.34375,1.4375,average,differential,111,108.67,24.149,63.23
Justin,DEF,LEE,3.9,11,0.0,5.0,1443,2,1,5,6,61.9,0,True,4.6777546777546775,19.23076923076923,0.1871101871101871,0.4219298245614035,3.333333333333333,2.6666666666666665,6,1.21875,1.53125,hot,differential,75,75.1,19.256,63.13
Tavernier,MID,BOU,5.4,4,0.0,2.5,2300,6,4,9,10,154.9,0,True,4.578260869565217,21.666666666666664,0.3913043478260869,0.672514619883041,2.833333333333333,3.1666666666666665,6,1.5,1.53125,average,differential,117,118.04,21.859,61.66
Saliba,DEF,ARS,6.1,1,0.0,0.5,2164,1,0,11,9,69.3,0,True,4.491682070240296,17.704918032786885,0.0415896487985212,0.632748538011696,3.0,3.0,6,1.9375,0.75,cold,differential,108,123.06,20.174,61.15
Keane,DEF,EVE,4.5,9,0.0,2.7,2135,3,0,7,8,92.1,0,True,4.97423887587822,26.22222222222222,0.126463700234192,0.6242690058479532,2.6666666666666665,3.333333333333333,6,1.21875,1.15625,average,differential,118,114.27,25.393,60.96
Pickford,GKP,EVE,5.6,9,0.0,2.3,2880,0,0,11,11,76.0,0,True,3.9375,22.5,0.0,0.8421052631578947,2.6666666666666665,3.333333333333333,6,1.21875,1.15625,average,differential,126,126.45,22.58,60.83
Kelleher,GKP,BRE,4.8,5,0.0,5.7,2880,0,0,9,8,74.9,0,True,3.8125,25.416666666666668,0.0,0.8421052631578947,2.5,3.5,6,1.5,1.375,hot,differential,122,111.45,23.219,60.7
Cash,DEF,AVL,4.7,2,0.0,2.3,2532,3,2,8,6,118.6,0,True,3.803317535545024,22.76595744680851,0.1777251184834123,0.7403508771929824,2.833333333333333,3.1666666666666665,6,1.34375,1.1875,average,differential,107,109.19,23.232,60.52
Stach,MID,LEE,4.8,11,0.0,0.8,2135,4,6,6,11,172.3,1,False,5.142857142857143,25.416666666666668,0.4215456674473068,0.6242690058479532,3.333333333333333,2.6666666666666665,6,1.21875,1.53125,cold,differential,122,120.62,25.129,60.19
Collins,DEF,BRE,4.9,5,0.0,5.0,2521,1,2,8,7,113.4,0,True,4.06981356604522,23.26530612244898,0.10710035700119,0.7371345029239766,2.5,3.5,6,1.5,1.375,hot,differential,114,113.38,23.139,59.96
Van de Ven,DEF,TOT,4.4,18,0.0,1.0,2591,4,1,7,10,89.2,0,True,3.473562331146276,22.727272727272727,0.1736781165573137,0.7576023391812865,3.0,3.0,6,1.25,1.59375,cold,differential,100,101.35,23.034,59.52
Szoboszlai,MID,LIV,7.1,12,0.0,2.7,2692,5,3,9,17,205.5,0,True,4.279346210995542,18.028169014084508,0.2674591381872214,0.7871345029239766,2.6666666666666665,3.333333333333333,6,1.625,1.3125,average,differential,128,130.78,18.42,59.36
Lacroix,DEF,CRY,5.1,8,0.0,2.0,2575,1,2,10,8,101.0,1,True,4.613592233009709,25.88235294117647,0.1048543689320388,0.7529239766081871,2.4285714285714284,3.571428571428572,7,1.1290322580645162,1.1612903225806452,cold,differential,132,130.36,25.561,59.36
Gravenberch,MID,LIV,5.5,12,0.0,1.3,2563,4,5,9,14,119.5,0,True,4.389387436597737,22.727272727272727,0.3160358954350371,0.7494152046783625,2.6666666666666665,3.333333333333333,6,1.625,1.3125,cold,differential,125,125.75,22.864,59.34
Ballard,DEF,SUN,4.7,17,0.0,0.0,2004,2,2,6,9,116.9,0,True,5.299401197604791,25.106382978723403,0.1796407185628742,0.5859649122807018,2.833333333333333,3.1666666666666665,6,1.03125,1.125,cold,differential,118,115.31,24.534,59.15
E.Le Fée,MID,SUN,4.9,17,0.0,1.3,2390,4,4,9,8,136.6,0,True,4.179916317991632,22.653061224489797,0.301255230125523,0.6988304093567251,2.833333333333333,3.1666666666666665,6,1.03125,1.125,cold,differential,111,111.58,22.771,59.13
Welbeck,FWD,BHA,6.3,6,0.0,4.0,1965,12,0,8,17,145.3,0,True,5.038167938931298,17.460317460317462,0.549618320610687,0.5745614035087719,2.833333333333333,3.1666666666666665,6,1.34375,1.15625,average,differential,110,109.39,17.363,58.98
Pedro Porro,DEF,TOT,5.1,18,0.0,3.7,2343,1,3,7,4,131.0,0,True,3.572343149807938,18.23529411764706,0.1536491677336747,0.6850877192982456,3.0,3.0,6,1.25,1.59375,average,differential,93,94.16,18.463,58.94
J.Gomes,MID,WOL,5.3,20,0.0,2.0,2471,1,2,4,6,88.4,0,True,3.496560097126669,18.11320754716981,0.1092675030352084,0.7225146198830409,3.1666666666666665,2.833333333333333,6,0.75,1.8125,cold,differential,96,95.22,17.966,58.94
Donnarumma,GKP,MCI,5.6,13,0.0,2.3,2520,0,0,12,3,57.1,0,True,3.9642857142857135,19.821428571428573,0.0,0.7368421052631579,2.857142857142857,3.142857142857143,7,2.032258064516129,0.9032258064516128,average,differential,111,109.95,19.634,58.49
Xhaka,MID,SUN,5.1,17,0.0,3.0,2361,1,5,8,5,115.7,0,True,3.964421855146124,20.3921568627451,0.2287166454891994,0.6903508771929825,2.833333333333333,3.1666666666666665,6,1.03125,1.125,average,differential,104,103.75,20.343,58.41
André,MID,WOL,5.2,20,0.0,4.0,2310,1,0,2,4,65.1,0,True,3.311688311688312,16.346153846153847,0.0389610389610389,0.6754385964912281,3.1666666666666665,2.833333333333333,6,0.75,1.8125,average,differential,85,83.91,16.137,58.4
Leno,GKP,FUL,4.9,10,0.0,4.0,2970,0,0,7,4,67.5,0,True,2.9696969696969697,20.0,0.0,0.868421052631579,2.833333333333333,3.1666666666666665,6,1.34375,1.4375,average,differential,98,97.63,19.924,58.4
Cherki,MID,MCI,6.4,13,0.0,3.3,1372,3,11,7,13,164.0,0,True,7.215743440233236,17.1875,0.9183673469387756,0.4011695906432748,2.857142857142857,3.142857142857143,7,2.032258064516129,0.9032258064516128,average,differential,110,109.49,17.108,58.13
Bruno G.,MID,NEW,6.8,15,0.0,0.3,2047,9,6,6,19,168.3,0,True,5.935515388373229,19.852941176470587,0.6595017098192477,0.5985380116959065,2.6666666666666665,3.333333333333333,6,1.40625,1.46875,cold,differential,135,136.79,20.116,58.1
Konaté,DEF,LIV,5.5,12,0.0,2.0,2570,1,0,10,8,90.2,0,True,4.097276264591439,21.272727272727277,0.0350194552529182,0.7514619883040936,2.6666666666666665,3.333333333333333,6,1.625,1.3125,cold,differential,117,117.94,21.444,57.81
Kayode,DEF,BRE,4.6,5,0.0,5.3,2808,1,2,9,7,106.8,0,True,3.269230769230769,22.17391304347826,0.0961538461538461,0.8210526315789474,2.5,3.5,6,1.5,1.375,hot,differential,102,103.08,22.409,57.79
Petrović,GKP,BOU,4.6,4,0.0,1.2,2970,0,0,9,5,71.9,0,True,3.1818181818181817,22.826086956521745,0.0,0.868421052631579,2.833333333333333,3.1666666666666665,6,1.5,1.53125,cold,differential,105,104.85,22.793,57.61
Cunha,MID,MUN,8.0,14,0.0,4.0,2203,8,4,6,12,167.2,0,True,5.024965955515206,15.375,0.4902405810258738,0.6441520467836257,2.6666666666666665,3.333333333333333,6,1.78125,1.40625,average,differential,123,122.81,15.351,57.53
Milenković,DEF,NFO,5.1,16,0.0,3.7,2880,0,0,8,2,72.4,0,True,3.0625,19.215686274509807,0.0,0.8421052631578947,2.833333333333333,3.1666666666666665,6,1.0,1.375,average,differential,98,97.93,19.202,57.48
Enzo,MID,CHE,6.5,7,0.0,0.8,2622,8,4,8,14,217.7,0,True,4.462242562929062,20.0,0.4118993135011441,0.7666666666666667,2.6666666666666665,3.333333333333333,6,1.65625,1.28125,cold,differential,130,130.16,20.025,57.44
O'Brien,DEF,EVE,4.9,9,0.0,3.3,2636,0,3,10,2,86.0,0,True,3.6191198786039456,21.632653061224488,0.1024279210925644,0.7707602339181286,2.6666666666666665,3.333333333333333,6,1.21875,1.15625,average,differential,106,105.56,21.543,57.34
Ndiaye,MID,EVE,6.2,9,0.0,4.0,2241,6,3,8,7,140.2,0,True,4.578313253012048,18.387096774193548,0.3614457831325301,0.6552631578947369,2.6666666666666665,3.333333333333333,6,1.21875,1.15625,average,differential,114,111.69,18.015,57.16
Wirtz,MID,LIV,8.3,12,0.0,2.7,2070,4,4,10,16,185.6,0,True,4.826086956521739,13.373493975903614,0.3478260869565217,0.6052631578947368,2.6666666666666665,3.333333333333333,6,1.625,1.3125,average,differential,111,129.77,15.635,57.16
Mitchell,DEF,CRY,5.0,8,0.0,2.5,2758,1,2,11,7,112.2,0,True,3.8832487309644663,23.8,0.0978970268310369,0.8064327485380117,2.4285714285714284,3.571428571428572,7,1.1290322580645162,1.1612903225806452,average,differential,119,120.39,24.078,57.02
Thiaw,DEF,NEW,5.1,15,0.0,1.0,2513,4,0,5,12,120.8,0,True,4.190210903302826,22.94117647058824,0.1432550736171906,0.7347953216374269,2.6666666666666665,3.333333333333333,6,1.40625,1.46875,cold,differential,117,116.64,22.871,57.01
Gudmundsson,DEF,LEE,3.8,11,0.0,2.0,2547,0,0,5,8,90.9,0,True,2.3674911660777385,17.63157894736842,0.0,0.7447368421052631,3.333333333333333,2.6666666666666665,6,1.21875,1.53125,cold,differential,67,69.99,18.418,56.84
Gomez,MID,BHA,4.9,6,0.0,3.0,2034,5,1,8,9,115.0,0,True,4.20353982300885,19.387755102040813,0.2654867256637168,0.5947368421052631,2.833333333333333,3.1666666666666665,6,1.34375,1.15625,average,differential,95,97.3,19.857,56.74
Wieffer,MID,BHA,4.9,6,0.0,5.0,1749,2,4,6,6,92.8,0,True,4.631217838765009,18.36734693877551,0.3087478559176672,0.5114035087719299,2.833333333333333,3.1666666666666665,6,1.34375,1.15625,hot,differential,90,88.37,18.035,56.69
Martinez,GKP,AVL,5.1,2,0.0,2.0,2385,0,0,7,10,62.4,0,True,3.962264150943396,20.58823529411765,0.0,0.6973684210526315,2.833333333333333,3.1666666666666665,6,1.34375,1.1875,cold,differential,105,102.67,20.131,56.49
Konsa,DEF,AVL,4.4,2,0.0,2.0,2675,0,1,9,3,77.2,0,True,3.196261682242991,21.59090909090909,0.0336448598130841,0.7821637426900585,2.833333333333333,3.1666666666666665,6,1.34375,1.1875,cold,differential,95,96.24,21.873,56.42
Watkins,FWD,AVL,8.5,2,0.0,3.7,2375,9,2,9,14,153.9,0,True,4.206315789473684,13.058823529411764,0.4168421052631579,0.6944444444444444,2.833333333333333,3.1666666666666665,6,1.34375,1.1875,average,differential,111,112.87,13.279,56.31
Evanilson,FWD,BOU,6.7,4,0.0,3.8,2370,6,6,9,6,137.9,0,True,3.949367088607595,15.522388059701491,0.4556962025316456,0.6929824561403509,2.833333333333333,3.1666666666666665,6,1.5,1.53125,average,differential,104,103.91,15.509,56.22
Ayari,MID,BHA,4.8,6,0.0,2.8,1891,3,4,6,7,83.1,0,True,4.52141723955579,19.791666666666668,0.3331570597567424,0.5529239766081872,2.833333333333333,3.1666666666666665,6,1.34375,1.15625,average,differential,95,95.22,19.838,55.99
F.Kadıoğlu,DEF,BHA,4.4,6,0.0,2.2,2680,0,2,8,4,96.4,0,True,3.123134328358209,21.136363636363637,0.0671641791044776,0.783625730994152,2.833333333333333,3.1666666666666665,6,1.34375,1.15625,average,differential,93,93.74,21.305,55.81
Bassey,DEF,FUL,4.4,10,0.0,3.7,2082,1,1,5,9,69.0,0,True,3.717579250720461,19.545454545454543,0.0864553314121037,0.6087719298245614,2.833333333333333,3.1666666666666665,6,1.34375,1.4375,average,differential,86,86.94,19.759,55.62
Beto,FWD,EVE,5.0,9,0.0,7.7,1269,7,1,5,10,99.6,0,True,5.886524822695035,16.6,0.5673758865248227,0.3710526315789473,2.6666666666666665,3.333333333333333,6,1.21875,1.15625,elite,differential,83,81.95,16.39,55.61
Van den Berg,DEF,BRE,4.6,5,0.0,5.0,2483,0,2,7,3,90.5,0,True,3.588401127668144,21.521739130434785,0.0724929520741039,0.7260233918128655,2.5,3.5,6,1.5,1.375,hot,differential,99,98.25,21.359,55.58
Richards,DEF,CRY,4.4,8,0.0,1.0,2422,1,0,10,5,93.8,0,True,4.310487200660611,26.36363636363636,0.037159372419488,0.708187134502924,2.4285714285714284,3.571428571428572,7,1.1290322580645162,1.1612903225806452,cold,differential,116,115.76,26.309,55.35
Gyökeres,FWD,ARS,8.8,1,0.0,2.5,1978,12,0,10,13,130.4,0,True,4.823053589484328,12.045454545454543,0.5460060667340748,0.5783625730994152,3.0,3.0,6,1.9375,0.75,average,differential,106,106.13,12.06,54.96
Neto,MID,CHE,7.0,7,0.0,1.2,2342,5,5,11,8,164.6,0,True,4.265584970111016,15.857142857142858,0.3842869342442357,0.6847953216374268,2.6666666666666665,3.333333333333333,6,1.65625,1.28125,cold,differential,111,123.11,17.587,54.87
Raúl,FWD,FUL,6.1,10,0.0,2.3,2005,9,5,8,7,146.0,0,True,4.758104738154613,17.37704918032787,0.6284289276807979,0.5862573099415205,2.833333333333333,3.1666666666666665,6,1.34375,1.4375,average,differential,106,101.86,16.698,54.33
Raya,GKP,ARS,6.0,1,0.0,0.5,2880,0,0,15,6,49.4,0,True,4.0625,21.666666666666668,0.0,0.8421052631578947,3.0,3.0,6,1.9375,0.75,cold,differential,130,101.07,16.845,54.25
H.Bueno,DEF,WOL,4.3,20,0.0,0.0,2126,1,2,4,4,121.0,0,True,3.090310442144873,16.976744186046513,0.1269990592662276,0.6216374269005848,3.1666666666666665,2.833333333333333,6,0.75,1.8125,cold,differential,73,82.79,19.253,54.21
Minteh,MID,BHA,5.5,6,0.0,1.5,1998,2,8,8,8,151.0,0,True,4.504504504504505,18.181818181818183,0.4504504504504504,0.5842105263157895,2.833333333333333,3.1666666666666665,6,1.34375,1.15625,cold,differential,100,101.01,18.365,54.11
Kroupi.Jr,FWD,BOU,4.6,4,0.0,3.2,1297,10,0,7,8,109.9,0,True,6.037008481110254,18.91304347826087,0.6939090208172706,0.3792397660818713,2.833333333333333,3.1666666666666665,6,1.5,1.53125,average,differential,87,86.58,18.822,54.11
Sánchez,GKP,CHE,4.8,7,0.0,1.2,2659,0,1,9,7,76.0,0,True,3.553967657013915,21.875,0.0338473110191801,0.7774853801169591,2.6666666666666665,3.333333333333333,6,1.65625,1.28125,cold,differential,105,104.25,21.719,53.95
Digne,DEF,AVL,4.5,2,0.0,3.0,1626,0,5,7,5,87.7,0,True,4.81549815498155,19.33333333333333,0.2767527675276753,0.475438596491228,2.833333333333333,3.1666666666666665,6,1.34375,1.1875,average,differential,87,85.95,19.1,53.87
Dalot,DEF,MUN,4.6,14,0.0,1.0,2294,1,6,6,9,108.0,0,True,3.923278116826504,21.73913043478261,0.2746294681778553,0.6707602339181287,2.6666666666666665,3.333333333333333,6,1.78125,1.40625,cold,differential,100,101.51,22.067,53.33
S.Bueno,DEF,WOL,4.4,20,0.0,1.5,2102,2,2,4,2,73.5,0,True,3.2112274024738348,17.045454545454543,0.1712654614652712,0.6146198830409356,3.1666666666666665,2.833333333333333,6,0.75,1.8125,cold,differential,75,74.66,16.968,53.23
Trossard,MID,ARS,6.5,1,0.0,0.5,1711,5,5,8,9,132.0,0,True,5.260081823495032,15.384615384615383,0.5260081823495032,0.5002923976608187,3.0,3.0,6,1.9375,0.75,cold,differential,100,100.5,15.462,53.15
Gakpo,MID,LIV,7.3,12,0.0,2.7,2234,6,4,10,5,177.3,0,True,4.5120859444941805,15.342465753424658,0.4028648164726947,0.6532163742690058,2.6666666666666665,3.333333333333333,6,1.625,1.3125,average,differential,112,111.21,15.234,53.06
M.Fernandes,MID,WHU,5.5,19,0.0,1.3,2477,3,3,6,6,118.1,0,True,3.960436011303997,19.818181818181817,0.2180056519983851,0.7242690058479532,2.6666666666666665,3.333333333333333,6,1.25,1.78125,cold,differential,109,106.82,19.422,52.99
Richarlison,FWD,TOT,6.3,18,0.0,1.3,1562,9,3,5,13,133.6,0,True,5.4737516005121645,15.07936507936508,0.6914212548015365,0.4567251461988304,3.0,3.0,6,1.25,1.59375,cold,differential,95,94.94,15.07,52.96
Lewis-Potter,DEF,BRE,4.8,5,0.0,4.3,1512,3,2,8,3,79.2,0,True,5.714285714285714,20.0,0.2976190476190476,0.4421052631578947,2.5,3.5,6,1.5,1.375,hot,differential,96,95.24,19.842,52.79
Mbeumo,MID,MUN,8.5,14,0.0,1.3,2256,9,3,5,15,201.1,0,True,4.946808510638298,14.588235294117649,0.4787234042553192,0.6596491228070176,2.6666666666666665,3.333333333333333,6,1.78125,1.40625,cold,differential,124,122.8,14.447,52.71
Berge,MID,FUL,4.9,10,0.0,3.0,2679,0,3,6,3,82.0,0,True,2.821948488241881,17.142857142857142,0.1007838745800672,0.7833333333333333,2.833333333333333,3.1666666666666665,6,1.34375,1.4375,average,differential,84,85.83,17.516,52.71
Henderson,GKP,CRY,5.1,8,0.0,1.0,2700,0,0,10,7,71.6,0,True,3.9,22.94117647058824,0.0,0.7894736842105263,2.4285714285714284,3.571428571428572,7,1.1290322580645162,1.1612903225806452,cold,differential,117,115.54,22.655,52.69
Gordon,MID,NEW,7.4,15,0.0,4.3,1798,6,4,8,10,130.9,1,True,5.055617352614015,13.648648648648647,0.5005561735261401,0.5257309941520468,2.6666666666666665,3.333333333333333,6,1.40625,1.46875,hot,differential,101,102.16,13.805,52.65
Darlow,GKP,LEE,3.9,11,0.0,4.0,1530,0,0,4,0,36.6,0,True,3.0588235294117645,13.333333333333334,0.0,0.4473684210526316,3.333333333333333,2.6666666666666665,6,1.21875,1.53125,average,differential,52,51.69,13.254,52.48
McGinn,MID,AVL,5.3,2,0.0,3.7,1807,4,2,8,6,102.6,0,True,4.183729939125622,15.849056603773583,0.2988378527946873,0.5283625730994153,2.833333333333333,3.1666666666666665,6,1.34375,1.1875,average,differential,84,84.25,15.896,52.3
Foden,MID,MCI,8.0,13,0.0,0.3,1822,7,3,10,10,175.1,0,True,5.581778265642152,14.125,0.4939626783754116,0.5327485380116959,2.857142857142857,3.142857142857143,7,2.032258064516129,0.9032258064516128,cold,differential,113,113.58,14.198,52.25
Diouf,DEF,WHU,4.1,19,0.0,2.3,2183,0,6,7,3,84.9,0,True,3.628034814475493,21.463414634146343,0.2473660100778744,0.6383040935672515,2.6666666666666665,3.333333333333333,6,1.25,1.78125,average,differential,88,88.11,21.49,52.18
Schade,MID,BRE,7.0,5,0.0,3.7,2386,7,5,10,5,152.5,0,True,4.149203688181056,15.714285714285714,0.4526404023470243,0.6976608187134503,2.5,3.5,6,1.5,1.375,average,differential,110,110.28,15.754,52.02
Hill,DEF,BOU,4.2,4,0.0,1.5,1652,0,3,6,2,66.0,0,True,4.848668280871671,21.19047619047619,0.1634382566585956,0.4830409356725146,2.833333333333333,3.1666666666666665,6,1.5,1.53125,cold,differential,89,84.43,20.102,51.95
Sels,GKP,NFO,4.6,16,0.0,3.3,2127,0,0,6,3,54.7,0,True,3.385049365303244,17.39130434782609,0.0,0.6219298245614036,2.833333333333333,3.1666666666666665,6,1.0,1.375,average,differential,80,79.9,17.37,51.85
Calafiori,DEF,ARS,5.6,1,0.0,0.0,1446,1,2,11,4,62.2,1,True,5.788381742738589,16.607142857142858,0.1867219917012448,0.4228070175438596,3.0,3.0,6,1.9375,0.75,cold,differential,93,93.58,16.711,51.85
Mateta,FWD,CRY,7.5,8,0.0,6.0,1959,10,0,8,12,131.6,0,True,4.45635528330781,12.933333333333334,0.4594180704441041,0.5728070175438597,2.4285714285714284,3.571428571428572,7,1.1290322580645162,1.1612903225806452,hot,differential,97,103.88,13.851,51.72
O.Dango,MID,BRE,5.9,5,0.0,2.0,1890,5,7,5,13,122.5,0,True,5.285714285714286,18.813559322033896,0.5714285714285714,0.5526315789473685,2.5,3.5,6,1.5,1.375,cold,differential,111,110.64,18.753,51.62
Chalobah,DEF,CHE,5.4,7,0.0,0.0,2550,3,1,9,7,92.3,0,True,4.623529411764706,24.259259259259256,0.1411764705882353,0.7456140350877193,2.6666666666666665,3.333333333333333,6,1.65625,1.28125,cold,differential,131,107.81,19.965,51.57
Hume,DEF,SUN,4.5,17,0.0,0.3,2587,0,1,8,6,89.4,0,True,3.0614611519134134,19.55555555555556,0.0347893312717433,0.7564327485380117,2.833333333333333,3.1666666666666665,6,1.03125,1.125,cold,differential,88,91.1,20.244,51.57
Summerville,MID,WHU,5.5,19,0.0,1.0,1933,5,3,6,10,119.8,0,True,4.423176409725815,17.272727272727273,0.3724780134505949,0.5652046783625732,2.6666666666666665,3.333333333333333,6,1.25,1.78125,cold,differential,95,103.28,18.778,51.34
Igor Jesus,FWD,NFO,5.8,16,0.0,3.3,1882,3,4,8,8,98.0,0,True,3.9691817215727943,14.310344827586208,0.334750265674814,0.5502923976608187,2.833333333333333,3.1666666666666665,6,1.0,1.375,average,differential,83,86.0,14.828,51.28
Dúbravka,GKP,BUR,4.0,3,0.0,1.0,2880,0,0,4,7,87.9,0,True,2.8125,22.5,0.0,0.8421052631578947,2.6666666666666665,3.333333333333333,6,1.03125,1.96875,cold,differential,90,89.77,22.442,51.19
Iwobi,MID,FUL,6.3,10,0.0,1.3,2264,4,3,4,13,141.7,1,True,3.895759717314488,15.555555555555555,0.2782685512367491,0.6619883040935672,2.833333333333333,3.1666666666666665,6,1.34375,1.4375,cold,differential,98,98.06,15.565,51.19
Mykolenko,DEF,EVE,4.9,9,0.0,3.3,2419,0,1,9,2,86.6,0,True,3.2368747416287724,17.755102040816325,0.0372054568003307,0.7073099415204679,2.6666666666666665,3.333333333333333,6,1.21875,1.15625,average,differential,87,87.93,17.945,51.15
Nmecha,FWD,LEE,5.0,11,0.0,0.8,867,6,1,3,8,70.2,0,True,6.955017301038063,13.4,0.726643598615917,0.2535087719298246,3.333333333333333,2.6666666666666665,6,1.21875,1.53125,cold,differential,67,67.17,13.434,50.84
Muñoz,DEF,CRY,5.8,8,0.0,2.0,1869,3,3,9,8,111.3,0,True,5.441412520064206,19.48275862068965,0.2889245585874799,0.5464912280701755,2.4285714285714284,3.571428571428572,7,1.1290322580645162,1.1612903225806452,cold,differential,113,111.08,19.152,50.81
Anthony,MID,BUR,5.0,3,0.0,1.0,2198,7,3,4,6,148.6,0,True,4.381255686988172,21.4,0.4094631483166515,0.6426900584795322,2.6666666666666665,3.333333333333333,6,1.03125,1.96875,cold,differential,107,97.47,19.494,50.66
Xavi,MID,TOT,6.5,18,0.0,3.7,1685,2,5,3,5,99.5,0,True,4.005934718100891,11.538461538461538,0.3738872403560831,0.4926900584795322,3.0,3.0,6,1.25,1.59375,average,differential,75,76.44,11.76,50.5
Eze,MID,ARS,7.2,1,0.0,0.5,1530,6,3,8,8,97.2,0,True,5.588235294117647,13.194444444444445,0.5294117647058824,0.4473684210526316,3.0,3.0,6,1.9375,0.75,cold,differential,95,94.64,13.144,50.28
Krejčí,DEF,WOL,4.5,20,0.0,0.5,2201,2,1,3,0,83.3,0,True,2.453430258973194,13.333333333333334,0.1226715129486597,0.6435672514619883,3.1666666666666665,2.833333333333333,6,0.75,1.8125,cold,differential,60,70.32,15.627,49.83
Caicedo,MID,CHE,5.7,7,0.0,1.2,2307,3,1,6,10,91.7,0,True,3.862158647594278,17.36842105263158,0.1560468140442132,0.6745614035087719,2.6666666666666665,3.333333333333333,6,1.65625,1.28125,cold,differential,99,99.07,17.381,49.78
Murillo,DEF,NFO,5.2,16,0.0,2.3,2089,1,0,6,3,72.8,1,True,3.532790808999521,15.769230769230768,0.0430828147438966,0.6108187134502924,2.833333333333333,3.1666666666666665,6,1.0,1.375,average,differential,82,82.34,15.835,49.7
Sangaré,MID,NFO,4.9,16,0.0,2.7,1854,2,2,8,2,69.6,0,True,3.8349514563106792,16.122448979591837,0.1941747572815534,0.5421052631578948,2.833333333333333,3.1666666666666665,6,1.0,1.375,average,differential,79,77.66,15.849,49.37
Reijnders,MID,MCI,5.0,13,0.0,0.0,1488,5,2,7,6,106.5,0,True,5.201612903225806,17.2,0.4233870967741935,0.4350877192982456,2.857142857142857,3.142857142857143,7,2.032258064516129,0.9032258064516128,cold,differential,86,89.04,17.808,49.33
J.Palhinha,MID,TOT,5.5,18,0.0,0.7,1826,3,3,4,11,78.7,0,True,4.731653888280395,17.454545454545453,0.2957283680175246,0.5339181286549708,3.0,3.0,6,1.25,1.59375,cold,differential,96,82.05,14.918,49.28
Gusto,DEF,CHE,4.9,7,0.0,0.8,1866,2,3,7,7,85.6,0,True,4.485530546623794,18.97959183673469,0.2411575562700964,0.5456140350877193,2.6666666666666665,3.333333333333333,6,1.65625,1.28125,cold,differential,93,93.37,19.055,49.19
Gana,MID,EVE,5.4,9,0.0,4.3,1919,2,3,5,4,82.6,0,True,3.705054715997916,14.629629629629628,0.2344971339239187,0.5611111111111111,2.6666666666666665,3.333333333333333,6,1.21875,1.15625,hot,differential,79,80.3,14.87,48.92
Onana,MID,AVL,4.8,2,0.0,2.7,1648,2,0,6,4,70.6,0,True,4.04126213592233,15.416666666666668,0.1092233009708738,0.4818713450292398,2.833333333333333,3.1666666666666665,6,1.34375,1.1875,average,differential,74,74.6,15.542,48.52
Doku,MID,MCI,6.4,13,0.0,2.7,1297,2,7,6,9,139.1,0,True,5.690053970701619,12.8125,0.6245181187355435,0.3792397660818713,2.857142857142857,3.142857142857143,7,2.032258064516129,0.9032258064516128,average,differential,82,81.95,12.805,48.47
Woltemade,FWD,NEW,6.7,15,0.0,2.3,1670,7,4,7,10,97.6,0,True,5.119760479041916,14.17910447761194,0.5928143712574849,0.4883040935672514,2.6666666666666665,3.333333333333333,6,1.40625,1.46875,average,differential,95,94.4,14.09,48.17
Sessegnon,MID,FUL,5.4,10,0.0,1.7,1736,2,3,5,5,75.2,0,True,4.35483870967742,15.555555555555555,0.2592165898617511,0.5076023391812865,2.833333333333333,3.1666666666666665,6,1.34375,1.4375,cold,differential,84,81.34,15.063,48.02
Brobbey,FWD,SUN,5.3,17,0.0,3.0,1450,6,1,5,11,80.3,0,True,4.531034482758621,13.773584905660378,0.4344827586206897,0.4239766081871345,2.833333333333333,3.1666666666666665,6,1.03125,1.125,average,differential,73,74.14,13.989,47.78
King,MID,FUL,4.4,10,0.0,5.0,1195,1,3,5,3,63.2,0,True,4.443514644351464,13.409090909090908,0.301255230125523,0.3494152046783625,2.833333333333333,3.1666666666666665,6,1.34375,1.4375,hot,differential,59,59.71,13.57,47.61
Saka,MID,ARS,9.8,1,0.0,0.0,1995,6,8,10,14,202.9,1,False,6.0,13.571428571428571,0.631578947368421,0.5833333333333334,3.0,3.0,6,1.9375,0.75,cold,differential,133,132.3,13.5,47.5
Dunk,DEF,BHA,4.5,6,0.0,0.2,2565,0,1,6,3,83.8,0,True,2.8771929824561404,18.22222222222222,0.0350877192982456,0.75,2.833333333333333,3.1666666666666665,6,1.34375,1.15625,cold,differential,82,80.13,17.807,47.41
Mac Allister,MID,LIV,6.3,12,0.0,0.7,2198,2,3,7,6,113.4,0,True,3.521383075523203,13.650793650793652,0.2047315741583257,0.6426900584795322,2.6666666666666665,3.333333333333333,6,1.625,1.3125,cold,differential,86,97.34,15.451,47.27
Buendía,MID,AVL,5.3,2,0.0,0.7,1465,5,2,3,8,98.1,0,True,5.160409556313993,15.849056603773583,0.4300341296928327,0.4283625730994152,2.833333333333333,3.1666666666666665,6,1.34375,1.1875,cold,differential,84,82.87,15.636,47.2
Cucurella,DEF,CHE,6.0,7,0.0,0.5,2211,1,3,9,5,122.8,0,True,3.8670284938941655,15.833333333333334,0.1628222523744912,0.6464912280701754,2.6666666666666665,3.333333333333333,6,1.65625,1.28125,cold,differential,95,96.16,16.027,47.13
Bernardo,MID,MCI,6.2,13,0.0,1.0,2322,2,4,10,4,129.9,0,True,3.255813953488372,13.548387096774194,0.2325581395348837,0.6789473684210526,2.857142857142857,3.142857142857143,7,2.032258064516129,0.9032258064516128,cold,differential,84,84.88,13.69,47.07
Wharton,MID,CRY,5.0,8,0.0,0.5,2191,0,6,8,6,109.8,1,True,3.779096303057965,18.4,0.2464628023733455,0.6406432748538011,2.4285714285714284,3.571428571428572,7,1.1290322580645162,1.1612903225806452,cold,differential,92,100.5,20.1,46.99
Gruev,MID,LEE,4.7,11,0.0,0.5,1318,0,4,5,3,43.0,0,True,3.8239757207890746,11.914893617021276,0.2731411229135053,0.3853801169590643,3.333333333333333,2.6666666666666665,6,1.21875,1.53125,cold,differential,56,55.85,11.883,46.94
Ugochukwu,MID,BUR,5.0,3,0.0,1.0,2033,3,2,3,5,71.0,0,True,3.807181505164781,17.2,0.2213477619281849,0.5944444444444444,2.6666666666666665,3.333333333333333,6,1.03125,1.96875,cold,differential,86,86.35,17.27,46.78
Georginio,MID,BHA,5.6,6,0.0,2.0,1629,3,4,6,2,93.4,0,True,4.254143646408839,13.75,0.3867403314917126,0.4763157894736842,2.833333333333333,3.1666666666666665,6,1.34375,1.15625,cold,differential,77,76.78,13.711,46.58
Talbi,MID,SUN,4.9,17,0.0,3.0,1328,4,2,6,6,63.4,0,True,5.150602409638554,15.510204081632653,0.4066265060240963,0.3883040935672515,2.833333333333333,3.1666666666666665,6,1.03125,1.125,average,differential,76,68.26,13.931,46.53
Barnes,MID,NEW,6.1,15,0.0,1.7,1757,5,0,5,8,119.5,0,True,4.405236198064883,14.098360655737704,0.2561183836084234,0.5137426900584795,2.6666666666666665,3.333333333333333,6,1.40625,1.46875,cold,differential,86,89.14,14.613,46.53
M.Salah,MID,LIV,14.0,12,0.0,2.7,1907,6,6,7,7,183.1,0,True,4.955427372836916,7.5,0.5663345568956476,0.5576023391812865,2.6666666666666665,3.333333333333333,6,1.625,1.3125,average,differential,105,105.93,7.566,46.48
Shaw,DEF,MUN,4.5,14,0.0,1.3,2752,0,1,6,0,81.2,0,True,2.550872093023256,17.333333333333332,0.032703488372093,0.8046783625730994,2.6666666666666665,3.333333333333333,6,1.78125,1.40625,cold,differential,78,80.28,17.84,46.41
Hincapie,DEF,ARS,5.1,1,0.0,0.0,1499,1,2,4,6,60.7,0,True,4.442961974649767,14.50980392156863,0.1801200800533689,0.4383040935672515,3.0,3.0,6,1.9375,0.75,cold,differential,74,73.9,14.49,46.21
Kerkez,DEF,LIV,5.6,12,0.0,2.3,2026,2,1,6,4,92.8,0,True,3.509378084896347,14.107142857142858,0.1332675222112536,0.5923976608187135,2.6666666666666665,3.333333333333333,6,1.625,1.3125,average,differential,79,82.51,14.734,46.19
Šeško,FWD,MUN,7.3,14,0.0,1.0,1464,9,2,1,17,126.5,0,True,5.963114754098361,13.287671232876711,0.6762295081967213,0.4280701754385965,2.6666666666666665,3.333333333333333,6,1.78125,1.40625,cold,differential,97,96.99,13.286,46.11
Yarmoliuk,MID,BRE,5.0,5,0.0,3.3,2306,1,2,7,0,70.8,0,True,3.3954900260190803,17.4,0.1170858629661752,0.6742690058479532,2.5,3.5,6,1.5,1.375,average,differential,87,82.06,16.412,46.08
Mané,FWD,WOL,4.3,20,0.0,1.0,1361,2,2,5,6,65.2,0,True,3.637031594415871,12.790697674418606,0.2645113886847906,0.397953216374269,3.1666666666666665,2.833333333333333,6,0.75,1.8125,cold,differential,55,56.02,13.028,45.8
Rúben,DEF,MCI,5.5,13,0.0,0.0,2049,2,0,12,4,78.6,1,False,4.919472913616398,20.363636363636363,0.0878477306002928,0.5991228070175438,2.857142857142857,3.142857142857143,7,2.032258064516129,0.9032258064516128,cold,differential,112,111.46,20.265,45.7
José Sá,GKP,WOL,4.2,20,0.0,0.5,1800,0,0,4,6,44.6,1,True,2.85,13.571428571428571,0.0,0.5263157894736842,3.1666666666666665,2.833333333333333,6,0.75,1.8125,cold,differential,57,57.04,13.581,45.64
Lammens,GKP,MUN,5.1,14,0.0,1.7,2385,0,0,5,6,48.9,0,True,2.981132075471698,15.490196078431374,0.0,0.6973684210526315,2.6666666666666665,3.333333333333333,6,1.78125,1.40625,cold,differential,79,80.46,15.776,45.58
Gray,MID,TOT,4.8,18,0.0,1.7,1463,2,2,5,6,52.9,0,True,3.691045796308954,12.5,0.2460697197539302,0.4277777777777777,3.0,3.0,6,1.25,1.59375,cold,differential,60,62.74,13.071,45.53
Palmer,MID,CHE,10.5,7,0.0,1.8,1551,9,2,3,9,125.5,0,True,5.860735009671179,9.61904761904762,0.6382978723404255,0.4535087719298246,2.6666666666666665,3.333333333333333,6,1.65625,1.28125,cold,differential,101,99.95,9.519,45.26
Damsgaard,MID,BRE,5.6,5,0.0,2.0,1701,3,4,4,6,122.1,0,True,4.920634920634921,16.607142857142858,0.3703703703703704,0.4973684210526315,2.5,3.5,6,1.5,1.375,cold,differential,93,89.0,15.893,45.12
Bentancur,MID,TOT,5.2,18,0.0,1.3,1473,1,1,5,3,51.6,0,True,4.154786150712831,13.076923076923077,0.1221995926680244,0.4307017543859649,3.0,3.0,6,1.25,1.59375,cold,differential,68,65.37,12.571,45.1
A.Jimenez,DEF,BOU,4.5,4,0.0,1.0,2135,1,2,5,2,75.8,0,True,2.8665105386416863,15.11111111111111,0.126463700234192,0.6242690058479532,2.833333333333333,3.1666666666666665,6,1.5,1.53125,cold,differential,68,70.33,15.629,45.08
P.M.Sarr,MID,TOT,4.5,18,0.0,1.0,1349,2,3,3,2,62.0,0,True,4.403261675315048,14.666666666666666,0.3335804299481097,0.3944444444444444,3.0,3.0,6,1.25,1.59375,cold,differential,66,62.6,13.911,45.02
Spence,DEF,TOT,4.1,18,0.0,0.7,1820,0,0,7,1,63.5,0,True,3.0164835164835164,14.878048780487806,0.0,0.5321637426900585,3.0,3.0,6,1.25,1.59375,cold,differential,61,61.2,14.927,45.0
Burn,DEF,NEW,5.0,15,0.0,1.3,1827,0,3,6,5,62.7,0,True,3.8916256157635463,15.8,0.147783251231527,0.5342105263157895,2.6666666666666665,3.333333333333333,6,1.40625,1.46875,cold,differential,79,79.63,15.926,44.9
Estève,DEF,BUR,3.9,3,0.0,1.2,2492,0,0,3,0,78.5,0,True,2.5642054574638844,18.205128205128204,0.0,0.7286549707602339,2.6666666666666665,3.333333333333333,6,1.03125,1.96875,cold,differential,71,71.22,18.262,44.69
Souček,MID,WHU,5.7,19,0.0,1.7,1678,4,2,5,6,92.0,0,True,4.398092967818831,14.385964912280702,0.3218116805721096,0.4906432748538011,2.6666666666666665,3.333333333333333,6,1.25,1.78125,cold,differential,82,81.01,14.212,44.58
L.Miley,MID,NEW,4.4,15,0.0,3.3,1313,1,4,2,5,66.1,0,True,4.661081492764661,15.454545454545451,0.3427265803503427,0.3839181286549707,2.6666666666666665,3.333333333333333,6,1.40625,1.46875,average,differential,68,66.07,15.016,44.56
Tolu,FWD,WOL,5.2,20,0.0,0.5,1250,3,2,3,4,86.4,0,True,4.32,11.538461538461538,0.36,0.3654970760233918,3.1666666666666665,2.833333333333333,6,0.75,1.8125,cold,differential,60,59.21,11.387,44.51
Reinildo,DEF,SUN,3.8,17,0.0,2.3,1518,0,2,5,6,43.9,0,True,3.4387351778656123,15.263157894736842,0.1185770750988142,0.443859649122807,2.833333333333333,3.1666666666666665,6,1.03125,1.125,average,differential,58,58.5,15.395,44.49
Vicario,GKP,TOT,4.7,18,0.0,0.7,2790,0,0,7,6,72.2,0,False,2.903225806451613,19.148936170212764,0.0,0.8157894736842105,3.0,3.0,6,1.25,1.59375,cold,differential,90,91.27,19.419,44.39
Jensen,MID,BRE,4.9,5,0.0,3.3,1825,2,2,8,0,95.3,0,True,3.7972602739726025,15.714285714285714,0.1972602739726027,0.533625730994152,2.5,3.5,6,1.5,1.375,average,differential,77,76.28,15.567,44.29
Hudson-Odoi,MID,NFO,5.7,16,0.0,4.3,1838,3,4,6,8,130.6,1,False,4.309031556039173,15.43859649122807,0.3427638737758433,0.5374269005847954,2.833333333333333,3.1666666666666665,6,1.0,1.375,hot,differential,88,89.15,15.64,44.05
Aina,DEF,NFO,4.7,16,0.0,2.7,1407,0,1,5,5,47.1,0,True,3.582089552238806,11.914893617021276,0.0639658848614072,0.4114035087719298,2.833333333333333,3.1666666666666665,6,1.0,1.375,average,differential,56,60.11,12.789,43.57
Pau,DEF,AVL,4.3,2,0.0,2.7,1476,0,1,5,2,38.2,0,True,3.536585365853659,13.488372093023257,0.0609756097560975,0.431578947368421,2.833333333333333,3.1666666666666665,6,1.34375,1.1875,average,differential,58,57.81,13.444,43.57
Longstaff,MID,LEE,4.8,11,0.0,0.5,948,1,2,1,4,67.1,0,True,4.367088607594937,9.583333333333334,0.2848101265822785,0.2771929824561403,3.333333333333333,2.6666666666666665,6,1.21875,1.53125,cold,differential,46,46.83,9.756,43.56
Hinshelwood,MID,BHA,5.1,6,0.0,2.5,1318,1,5,4,2,62.6,0,True,4.3019726858877085,12.352941176470589,0.4097116843702579,0.3853801169590643,2.833333333333333,3.1666666666666665,6,1.34375,1.15625,average,differential,63,62.51,12.257,43.38
Flemming,FWD,BUR,5.3,3,0.0,2.2,1272,8,0,3,7,91.7,0,True,5.165094339622642,13.773584905660378,0.5660377358490566,0.3719298245614035,2.6666666666666665,3.333333333333333,6,1.03125,1.96875,average,differential,73,72.81,13.738,43.33
Romero,DEF,TOT,5.0,18,0.0,0.7,1869,4,1,5,10,93.2,1,False,4.382022471910113,18.2,0.2407704654895666,0.5464912280701755,3.0,3.0,6,1.25,1.59375,cold,differential,91,90.47,18.094,43.28
Diarra,MID,SUN,5.3,17,0.0,3.7,1189,2,5,5,3,41.4,0,True,4.3145500420521445,10.754716981132075,0.5298570227081582,0.3476608187134503,2.833333333333333,3.1666666666666665,6,1.03125,1.125,average,differential,57,57.67,10.881,43.25
Pope,GKP,NEW,5.0,15,0.0,0.0,1966,0,1,7,3,54.1,0,True,3.75381485249237,16.4,0.0457782299084435,0.5748538011695906,2.6666666666666665,3.333333333333333,6,1.40625,1.46875,cold,differential,82,80.58,16.116,43.22
Tonali,MID,NEW,5.3,15,0.0,1.3,2212,0,2,7,2,96.1,0,True,3.0515370705244123,14.150943396226417,0.081374321880651,0.6467836257309941,2.6666666666666665,3.333333333333333,6,1.40625,1.46875,cold,differential,75,76.43,14.421,43.17
Botman,DEF,NEW,4.9,15,0.0,2.0,1384,1,1,5,6,60.9,0,True,4.552023121387284,14.285714285714285,0.130057803468208,0.4046783625730994,2.6666666666666665,3.333333333333333,6,1.40625,1.46875,cold,differential,70,70.42,14.371,42.98
Sadiki,MID,SUN,4.9,17,0.0,1.3,2384,0,1,8,0,63.8,0,True,2.416107382550336,13.061224489795917,0.0377516778523489,0.6970760233918128,2.833333333333333,3.1666666666666665,6,1.03125,1.125,cold,differential,64,65.43,13.353,42.91
Tanaka,MID,LEE,4.8,11,0.0,1.5,922,2,0,3,2,46.3,0,True,4.783080260303688,10.208333333333334,0.1952277657266811,0.2695906432748538,3.333333333333333,2.6666666666666665,6,1.21875,1.53125,cold,differential,49,40.18,8.371,42.75
Perri,GKP,LEE,4.4,11,0.0,0.0,1440,0,0,3,3,32.2,0,True,2.6875,9.772727272727272,0.0,0.4210526315789473,3.333333333333333,2.6666666666666665,6,1.21875,1.53125,cold,differential,43,44.96,10.218,42.74
Amad,MID,MUN,6.2,14,0.0,1.3,1985,2,4,4,6,142.9,0,True,3.445843828715365,12.258064516129032,0.2720403022670025,0.5804093567251462,2.6666666666666665,3.333333333333333,6,1.78125,1.40625,cold,differential,76,78.53,12.666,42.34
James,DEF,CHE,5.6,7,0.0,0.0,1892,2,6,8,11,103.8,1,False,5.375264270613108,20.17857142857143,0.3805496828752642,0.5532163742690058,2.6666666666666665,3.333333333333333,6,1.65625,1.28125,cold,differential,113,111.37,19.888,42.25
Barry,FWD,EVE,5.7,9,0.0,0.7,1645,6,0,7,7,83.0,0,True,4.212765957446808,13.508771929824562,0.3282674772036474,0.4809941520467836,2.6666666666666665,3.333333333333333,6,1.21875,1.15625,cold,differential,77,77.85,13.658,41.98
Tchatchoua,DEF,WOL,4.4,20,0.0,0.0,1830,0,1,3,0,72.9,0,True,2.508196721311476,11.59090909090909,0.0491803278688524,0.5350877192982456,3.1666666666666665,2.833333333333333,6,0.75,1.8125,cold,differential,51,50.24,11.418,41.92
Sarr,MID,CRY,6.3,8,0.0,0.5,1752,7,1,9,9,99.7,0,True,4.828767123287672,14.92063492063492,0.4109589041095891,0.512280701754386,2.4285714285714284,3.571428571428572,7,1.1290322580645162,1.1612903225806452,cold,differential,94,93.55,14.849,41.81
Groß,MID,BHA,5.5,6,0.0,3.2,1186,1,4,4,4,81.3,0,True,4.097807757166948,9.818181818181818,0.3794266441821248,0.3467836257309941,2.833333333333333,3.1666666666666665,6,1.34375,1.15625,average,differential,54,56.48,10.269,41.8
Hall,DEF,NEW,5.4,15,0.0,1.0,1884,1,2,4,4,99.7,0,True,3.535031847133758,13.703703703703702,0.143312101910828,0.5508771929824562,2.6666666666666665,3.333333333333333,6,1.40625,1.46875,cold,differential,74,73.66,13.641,41.58
Adams,MID,BOU,4.9,4,0.0,0.5,1457,2,1,6,3,51.7,0,True,3.829787234042553,12.653061224489797,0.185312285518188,0.4260233918128654,2.833333333333333,3.1666666666666665,6,1.5,1.53125,cold,differential,62,64.13,13.088,41.21
Hutchinson,MID,NFO,5.4,16,0.0,1.3,1341,1,5,5,3,98.6,0,True,4.362416107382551,12.037037037037036,0.4026845637583892,0.3921052631578947,2.833333333333333,3.1666666666666665,6,1.0,1.375,cold,differential,65,62.42,11.559,41.0
De Cuyper,DEF,BHA,4.3,6,0.0,0.2,1160,2,0,4,6,66.7,0,True,4.810344827586206,14.418604651162791,0.1551724137931034,0.3391812865497076,2.833333333333333,3.1666666666666665,6,1.34375,1.15625,cold,differential,62,60.96,14.177,40.88
Smith Rowe,MID,FUL,5.6,10,0.0,1.7,1563,3,1,4,1,88.8,0,True,3.973128598848368,12.321428571428571,0.2303262955854126,0.4570175438596491,2.833333333333333,3.1666666666666665,6,1.34375,1.4375,cold,differential,69,60.86,10.868,40.81
Ekitiké,FWD,LIV,9.2,12,0.0,0.3,1797,11,4,7,22,156.2,1,False,6.2604340567612695,13.58695652173913,0.7512520868113524,0.525438596491228,2.6666666666666665,3.333333333333333,6,1.625,1.3125,cold,differential,125,124.15,13.495,40.76
Bellegarde,MID,WOL,5.1,20,0.0,1.5,1205,1,1,3,0,50.0,0,True,3.136929460580913,8.23529411764706,0.1493775933609958,0.3523391812865497,3.1666666666666665,2.833333333333333,6,0.75,1.8125,cold,differential,42,42.74,8.38,40.52
Tel,MID,TOT,6.2,18,0.0,1.3,953,3,1,1,5,76.9,0,True,5.477439664218259,9.35483870967742,0.3777544596012592,0.2786549707602339,3.0,3.0,6,1.25,1.59375,cold,differential,58,55.52,8.955,40.48
Mitoma,MID,BHA,6.1,6,0.0,2.0,1486,3,1,4,2,92.8,0,True,3.5127860026917896,9.508196721311476,0.2422611036339165,0.4345029239766081,2.833333333333333,3.1666666666666665,6,1.34375,1.15625,cold,differential,58,59.3,9.721,40.13
Madueke,MID,ARS,6.8,1,0.0,0.5,942,2,1,6,6,78.3,1,True,5.254777070063694,8.088235294117647,0.286624203821656,0.2754385964912281,3.0,3.0,6,1.9375,0.75,cold,differential,55,59.21,8.707,39.83
Bergvall,MID,TOT,5.2,18,0.0,2.3,918,1,3,3,0,37.4,0,True,4.509803921568627,8.846153846153847,0.3921568627450981,0.2684210526315789,3.0,3.0,6,1.25,1.59375,average,differential,46,45.45,8.74,39.81
Adli,MID,BOU,5.4,4,0.0,0.5,1024,3,2,3,4,73.3,0,True,5.537109375,11.666666666666666,0.439453125,0.2994152046783626,2.833333333333333,3.1666666666666665,6,1.5,1.53125,cold,differential,63,62.21,11.52,39.69
Lukić,MID,FUL,4.9,10,0.0,1.0,1370,1,3,5,3,74.3,0,True,3.547445255474453,11.020408163265303,0.2627737226277372,0.4005847953216374,2.833333333333333,3.1666666666666665,6,1.34375,1.4375,cold,differential,54,57.03,11.639,39.49
Walker,DEF,BUR,4.4,3,0.0,0.5,2555,0,2,4,3,64.3,0,True,2.219178082191781,14.318181818181817,0.0704500978473581,0.7470760233918129,2.6666666666666665,3.333333333333333,6,1.03125,1.96875,cold,differential,63,63.93,14.53,39.44
Rodrigo,MID,MCI,6.3,13,0.0,1.0,1333,1,0,5,5,80.6,0,True,4.051012753188297,9.523809523809524,0.0675168792198049,0.389766081871345,2.857142857142857,3.142857142857143,7,2.032258064516129,0.9032258064516128,cold,differential,60,60.98,9.679,39.29
Hermansen,GKP,WHU,4.2,19,0.0,3.0,1080,0,0,5,8,30.0,0,True,4.333333333333333,12.38095238095238,0.0,0.3157894736842105,2.6666666666666665,3.333333333333333,6,1.25,1.78125,average,differential,52,51.44,12.248,39.11
Ødegaard,MID,ARS,7.8,1,0.0,0.0,1070,1,6,4,5,83.7,1,True,5.214953271028037,7.948717948717949,0.5887850467289719,0.3128654970760234,3.0,3.0,6,1.9375,0.75,cold,differential,62,61.49,7.883,38.93
Danso,DEF,TOT,4.2,18,0.0,2.0,1039,0,0,2,1,33.0,0,True,3.551491819056785,9.76190476190476,0.0,0.3038011695906433,3.0,3.0,6,1.25,1.59375,cold,differential,41,40.35,9.607,38.92
Isidor,FWD,SUN,5.0,17,0.0,0.3,1057,4,1,4,7,57.6,0,True,5.193945127719963,12.2,0.4257332071901609,0.3090643274853801,2.833333333333333,3.1666666666666665,6,1.03125,1.125,cold,differential,61,58.57,11.714,38.78
Wan-Bissaka,DEF,WHU,4.1,19,0.0,0.0,1903,0,3,3,0,73.0,0,True,2.979506043089858,15.365853658536588,0.1418812401471361,0.5564327485380117,2.6666666666666665,3.333333333333333,6,1.25,1.78125,cold,differential,63,62.17,15.163,38.76
Hee Chan,MID,WOL,5.6,20,0.0,1.0,1178,2,1,2,0,42.8,0,True,3.514431239388794,8.214285714285715,0.2292020373514431,0.3444444444444444,3.1666666666666665,2.833333333333333,6,0.75,1.8125,cold,differential,46,40.52,7.236,38.47
Chukwueze,MID,FUL,5.3,10,0.0,1.0,857,3,4,1,1,75.8,0,True,5.670945157526255,10.18867924528302,0.73512252042007,0.2505847953216374,2.833333333333333,3.1666666666666665,6,1.34375,1.4375,cold,differential,54,55.48,10.468,38.33
Fofana,DEF,CHE,4.4,7,0.0,1.5,1407,0,1,4,3,50.8,0,True,3.773987206823028,13.409090909090908,0.0639658848614072,0.4114035087719298,2.6666666666666665,3.333333333333333,6,1.65625,1.28125,cold,differential,59,56.39,12.816,38.21
Osula,FWD,NEW,5.4,15,0.0,5.0,454,4,1,1,4,26.6,0,True,8.920704845814978,8.333333333333332,0.9911894273127754,0.1327485380116959,2.6666666666666665,3.333333333333333,6,1.40625,1.46875,hot,differential,45,45.34,8.396,38.19
J.Murphy,MID,NEW,5.9,15,0.0,1.0,1354,3,1,7,2,92.1,0,True,4.453471196454949,11.35593220338983,0.2658788774002954,0.395906432748538,2.6666666666666665,3.333333333333333,6,1.40625,1.46875,cold,differential,67,65.13,11.039,37.96
Christie,MID,BOU,4.9,4,0.0,3.2,844,2,1,3,2,51.9,0,True,4.90521327014218,9.387755102040815,0.3199052132701421,0.2467836257309941,2.833333333333333,3.1666666666666665,6,1.5,1.53125,average,differential,46,42.78,8.731,37.88
Livramento,DEF,NEW,4.9,15,0.0,1.3,1326,0,1,6,3,44.3,1,True,4.004524886877828,12.040816326530612,0.0678733031674208,0.387719298245614,2.6666666666666665,3.333333333333333,6,1.40625,1.46875,cold,differential,59,58.74,11.988,37.79
Hartman,DEF,BUR,4.0,3,0.0,0.8,1581,0,5,3,0,69.2,0,True,3.130929791271347,13.75,0.2846299810246679,0.4622807017543859,2.6666666666666665,3.333333333333333,6,1.03125,1.96875,cold,differential,55,55.08,13.77,37.54
Maguire,DEF,MUN,4.4,14,0.0,0.0,1199,1,1,5,3,40.3,0,True,4.728940783986656,14.318181818181817,0.1501251042535446,0.3505847953216374,2.6666666666666665,3.333333333333333,6,1.78125,1.40625,cold,differential,63,60.81,13.82,37.52
Castagne,DEF,FUL,4.3,10,0.0,3.0,1396,0,1,1,0,64.5,0,True,2.51432664756447,9.069767441860463,0.0644699140401146,0.408187134502924,2.833333333333333,3.1666666666666665,6,1.34375,1.4375,average,differential,39,39.92,9.284,37.38
Kolo Muani,FWD,TOT,6.9,18,0.0,1.3,1369,1,1,3,1,59.3,0,True,2.9583637691745803,6.521739130434782,0.1314828341855368,0.4002923976608187,3.0,3.0,6,1.25,1.59375,cold,differential,45,47.31,6.857,37.29
Toti,DEF,WOL,4.2,20,0.0,1.5,1129,0,0,1,0,35.3,0,True,2.471213463241807,7.3809523809523805,0.0,0.3301169590643275,3.1666666666666665,2.833333333333333,6,0.75,1.8125,cold,differential,31,30.47,7.255,37.19
Ajer,DEF,BRE,4.4,5,0.0,0.0,1624,0,2,5,1,57.9,0,True,3.8793103448275854,15.909090909090908,0.1108374384236453,0.4748538011695906,2.5,3.5,6,1.5,1.375,cold,differential,70,67.4,15.318,37.18
Tete,DEF,FUL,4.5,10,0.0,0.0,1791,1,0,6,5,73.9,1,False,4.07035175879397,18.0,0.050251256281407,0.5236842105263158,2.833333333333333,3.1666666666666665,6,1.34375,1.4375,cold,differential,81,80.16,17.813,37.12
Tielemans,MID,AVL,5.9,2,0.0,1.0,1408,0,4,4,3,94.6,0,True,3.515625,9.322033898305085,0.2556818181818182,0.4116959064327485,2.833333333333333,3.1666666666666665,6,1.34375,1.1875,cold,differential,55,54.05,9.161,37.1
C.Jones,MID,LIV,5.4,12,0.0,2.3,1387,0,2,3,3,78.1,0,True,3.568853640951694,10.185185185185183,0.129776496034607,0.4055555555555555,2.6666666666666665,3.333333333333333,6,1.625,1.3125,average,differential,55,54.38,10.07,37.07
Yoro,DEF,MUN,4.1,14,0.0,1.3,1696,0,1,2,1,52.3,0,True,2.8125,12.926829268292684,0.053066037735849,0.495906432748538,2.6666666666666665,3.333333333333333,6,1.78125,1.40625,cold,differential,53,52.18,12.727,36.97
R.Gomes,DEF,WOL,4.4,20,0.0,0.5,651,3,0,0,0,42.3,0,True,4.976958525345622,8.181818181818182,0.4147465437788018,0.1903508771929824,3.1666666666666665,2.833333333333333,6,0.75,1.8125,cold,differential,36,34.65,7.875,36.95
Brooks,MID,BOU,5.0,4,0.0,0.8,1085,1,2,4,4,93.5,0,True,4.147465437788019,10.0,0.2488479262672811,0.3172514619883041,2.833333333333333,3.1666666666666665,6,1.5,1.53125,cold,differential,50,50.99,10.198,36.91
Frimpong,DEF,LIV,5.7,12,0.0,2.0,815,0,5,5,1,47.2,0,True,6.294478527607362,10.0,0.5521472392638037,0.2383040935672514,2.6666666666666665,3.333333333333333,6,1.625,1.3125,cold,differential,57,56.25,9.868,36.84
Wilson,FWD,WHU,5.8,19,0.0,0.7,1045,5,2,1,7,71.6,0,True,5.684210526315789,11.379310344827587,0.6028708133971292,0.3055555555555556,2.6666666666666665,3.333333333333333,6,1.25,1.78125,cold,differential,66,62.68,10.807,36.83
Foster,FWD,BUR,4.9,3,0.0,1.2,1296,3,2,4,4,57.0,0,True,3.819444444444444,11.224489795918366,0.3472222222222222,0.3789473684210526,2.6666666666666665,3.333333333333333,6,1.03125,1.96875,cold,differential,55,55.81,11.39,36.61
N.Gonzalez,MID,MCI,5.9,13,0.0,0.0,1370,1,0,7,1,52.8,0,True,3.613138686131387,9.322033898305085,0.0656934306569343,0.4005847953216374,2.857142857142857,3.142857142857143,7,2.032258064516129,0.9032258064516128,cold,differential,55,55.78,9.454,36.52
Robinson,DEF,FUL,4.9,10,0.0,1.7,1118,0,0,3,4,59.2,0,True,3.5420393559928445,8.979591836734693,0.0,0.3269005847953216,2.833333333333333,3.1666666666666665,6,1.34375,1.4375,cold,differential,44,45.41,9.267,36.49
Iroegbunam,MID,EVE,4.8,9,0.0,0.7,1117,0,3,8,1,35.3,0,True,4.673231871083258,12.083333333333334,0.2417188898836168,0.3266081871345029,2.6666666666666665,3.333333333333333,6,1.21875,1.15625,cold,differential,58,56.86,11.846,36.38
Martinelli,MID,ARS,6.8,1,0.0,0.5,892,1,4,2,1,64.9,0,True,4.84304932735426,7.0588235294117645,0.5044843049327354,0.2608187134502924,3.0,3.0,6,1.9375,0.75,cold,differential,48,48.08,7.071,36.37
Taty,FWD,WHU,5.5,19,0.0,4.0,942,4,1,5,3,64.0,0,True,4.012738853503184,7.636363636363637,0.4777070063694267,0.2754385964912281,2.6666666666666665,3.333333333333333,6,1.25,1.78125,average,differential,42,44.58,8.105,36.28
Diakité,DEF,BOU,4.1,4,0.0,0.0,1275,0,0,4,2,34.4,0,True,3.247058823529412,11.219512195121952,0.0,0.3728070175438596,2.833333333333333,3.1666666666666665,6,1.5,1.53125,cold,differential,46,47.93,11.69,36.11
Lerma,MID,CRY,4.9,8,0.0,2.5,1336,0,5,6,3,58.4,0,True,3.9745508982035926,12.040816326530612,0.3368263473053892,0.3906432748538012,2.4285714285714284,3.571428571428572,7,1.1290322580645162,1.1612903225806452,average,differential,59,59.44,12.131,35.95
Møller Wolfe,DEF,WOL,4.2,20,0.0,0.0,839,0,2,1,0,30.0,0,True,3.110846245530393,6.904761904761904,0.2145411203814064,0.2453216374269005,3.1666666666666665,2.833333333333333,6,0.75,1.8125,cold,differential,29,33.14,7.89,35.88
Armstrong,FWD,WOL,5.2,20,0.0,2.0,727,1,2,3,0,21.5,0,True,2.97111416781293,4.615384615384615,0.3713892709766162,0.2125730994152047,3.1666666666666665,2.833333333333333,6,0.75,1.8125,cold,differential,24,26.99,5.19,35.77
Trippier,DEF,NEW,4.9,15,0.0,1.0,1501,0,1,5,2,74.0,0,True,3.0579613590939374,10.408163265306122,0.0599600266489007,0.4388888888888889,2.6666666666666665,3.333333333333333,6,1.40625,1.46875,cold,differential,51,53.74,10.967,35.57
A.Becker,GKP,LIV,5.4,12,0.0,0.0,2250,0,0,8,8,46.7,1,False,3.56,16.48148148148148,0.0,0.6578947368421053,2.6666666666666665,3.333333333333333,6,1.625,1.3125,cold,differential,89,89.68,16.607,35.44
Geertruida,DEF,SUN,4.5,17,0.0,1.0,1411,0,0,2,0,42.1,0,True,2.9340892983699507,10.22222222222222,0.0,0.4125730994152047,2.833333333333333,3.1666666666666665,6,1.03125,1.125,cold,differential,46,43.79,9.731,35.4
Ndoye,MID,NFO,5.5,16,0.0,0.7,1167,1,2,2,4,56.6,0,True,3.8560411311053984,9.090909090909092,0.2313624678663239,0.3412280701754386,2.833333333333333,3.1666666666666665,6,1.0,1.375,cold,differential,50,48.95,8.9,35.4
Dorgu,DEF,MUN,4.1,14,0.0,0.0,1329,3,3,3,8,101.9,1,False,5.011286681715576,18.04878048780488,0.4063205417607223,0.3885964912280701,2.6666666666666665,3.333333333333333,6,1.78125,1.40625,cold,differential,74,79.41,19.368,35.31
Solanke,FWD,TOT,7.2,18,0.0,2.0,958,3,0,0,4,55.7,0,True,3.663883089770355,5.416666666666667,0.2818371607515658,0.2801169590643275,3.0,3.0,6,1.25,1.59375,cold,differential,39,37.64,5.228,35.22
Khusanov,DEF,MCI,5.4,13,0.0,2.0,977,0,0,4,0,27.8,0,True,3.7768679631525073,7.592592592592592,0.0,0.285672514619883,2.857142857142857,3.142857142857143,7,2.032258064516129,0.9032258064516128,cold,differential,41,40.61,7.52,35.11
Yeremy,MID,CRY,5.8,8,0.0,1.0,1791,2,1,7,3,122.5,0,True,3.4170854271356785,11.724137931034484,0.1507537688442211,0.5236842105263158,2.4285714285714284,3.571428571428572,7,1.1290322580645162,1.1612903225806452,cold,differential,68,67.93,11.712,35.07
Gnonto,MID,LEE,5.1,11,0.0,0.5,416,0,2,1,0,19.5,0,True,5.1923076923076925,4.705882352941177,0.4326923076923077,0.1216374269005848,3.333333333333333,2.6666666666666665,6,1.21875,1.53125,cold,differential,24,23.14,4.537,34.96
Boscagli,DEF,BHA,4.2,6,0.0,2.8,619,0,1,2,4,22.5,0,True,4.652665589660743,7.619047619047619,0.1453957996768982,0.1809941520467836,2.833333333333333,3.1666666666666665,6,1.34375,1.15625,average,differential,32,33.16,7.895,34.69
Kudus,MID,TOT,6.4,18,0.0,0.0,1535,2,6,7,7,104.7,1,False,4.397394136807817,11.71875,0.4690553745928338,0.4488304093567251,3.0,3.0,6,1.25,1.59375,cold,differential,75,75.48,11.794,34.61
Estêvão,MID,CHE,6.4,7,0.0,0.8,839,2,5,4,4,70.5,0,True,6.221692491060786,9.0625,0.7508939213349225,0.2453216374269005,2.6666666666666665,3.333333333333333,6,1.65625,1.28125,cold,differential,58,57.34,8.959,34.56
Strand Larsen,FWD,CRY,5.9,8,0.0,1.0,1929,4,1,5,3,79.1,0,True,2.9860031104199067,10.847457627118644,0.2332814930015552,0.5640350877192982,2.4285714285714284,3.571428571428572,7,1.1290322580645162,1.1612903225806452,cold,differential,64,66.58,11.285,34.49
Areola,GKP,WHU,4.2,19,0.0,0.0,1800,0,1,0,2,57.9,0,True,2.55,12.142857142857142,0.05,0.5263157894736842,2.6666666666666665,3.333333333333333,6,1.25,1.78125,cold,differential,51,50.86,12.11,34.25
McNeil,MID,EVE,5.5,9,0.0,1.7,1016,0,3,6,1,45.1,0,True,4.251968503937007,8.727272727272727,0.2657480314960629,0.2970760233918129,2.6666666666666665,3.333333333333333,6,1.21875,1.15625,cold,differential,48,48.98,8.905,34.2
Maatsen,DEF,AVL,4.2,2,0.0,0.3,1263,0,0,2,0,76.9,0,True,2.921615201900237,9.76190476190476,0.0,0.369298245614035,2.833333333333333,3.1666666666666665,6,1.34375,1.1875,cold,differential,41,41.95,9.988,34.13
Rayan,MID,BOU,5.5,4,0.0,2.2,769,2,2,3,2,43.0,0,True,4.564369310793238,7.090909090909091,0.4681404421326398,0.2248538011695906,2.833333333333333,3.1666666666666665,6,1.5,1.53125,average,differential,39,37.68,6.851,33.94
Florentino,MID,BUR,5.0,3,0.0,0.2,1732,0,2,2,0,58.0,0,True,3.481524249422633,13.4,0.1039260969976905,0.5064327485380117,2.6666666666666665,3.333333333333333,6,1.03125,1.96875,cold,differential,67,52.94,10.588,33.9
Aït-Nouri,DEF,MCI,5.7,13,0.0,0.3,804,0,2,3,7,38.9,0,True,5.037313432835821,7.894736842105263,0.2238805970149253,0.2350877192982456,2.857142857142857,3.142857142857143,7,2.032258064516129,0.9032258064516128,cold,differential,45,45.29,7.946,33.74
Henderson,MID,BRE,5.0,5,0.0,1.7,1814,1,3,6,5,70.9,1,False,3.721058434399118,15.0,0.1984564498346196,0.5304093567251462,2.5,3.5,6,1.5,1.375,cold,differential,75,82.44,16.488,33.74
Mosquera,DEF,WOL,4.3,20,0.0,0.0,1777,0,0,4,3,71.1,1,False,2.583005064715813,11.86046511627907,0.0,0.5195906432748538,3.1666666666666665,2.833333333333333,6,0.75,1.8125,cold,differential,51,54.23,12.612,33.59
Baleba,MID,BHA,4.5,6,0.0,0.5,1290,0,0,4,0,22.4,0,True,2.9302325581395348,9.333333333333334,0.0,0.3771929824561403,2.833333333333333,3.1666666666666665,6,1.34375,1.15625,cold,differential,42,40.95,9.1,33.59
Mings,DEF,AVL,4.3,2,0.0,0.0,962,0,1,3,4,34.7,0,True,4.116424116424117,10.232558139534884,0.0935550935550935,0.2812865497076023,2.833333333333333,3.1666666666666665,6,1.34375,1.1875,cold,differential,44,42.17,9.807,33.58
Edwards,MID,BUR,4.7,3,0.0,0.8,977,1,3,1,2,63.5,0,True,4.329580348004094,10.0,0.3684749232343909,0.285672514619883,2.6666666666666665,3.333333333333333,6,1.03125,1.96875,cold,differential,47,47.27,10.057,33.28
Merino,MID,ARS,5.4,1,0.0,0.0,996,4,3,4,5,72.6,1,False,5.963855421686747,12.22222222222222,0.6325301204819277,0.2912280701754386,3.0,3.0,6,1.9375,0.75,cold,differential,66,66.81,12.372,33.24
Barkley,MID,AVL,4.8,2,0.0,1.7,466,2,1,1,3,38.1,0,True,7.145922746781116,7.708333333333334,0.5793991416309012,0.1362573099415204,2.833333333333333,3.1666666666666665,6,1.34375,1.1875,cold,differential,37,35.77,7.452,33.21
Gvardiol,DEF,MCI,5.8,13,0.0,0.0,1301,2,2,6,5,65.3,1,False,5.326671790930054,13.275862068965518,0.2767102229054573,0.3804093567251462,2.857142857142857,3.142857142857143,7,2.032258064516129,0.9032258064516128,cold,differential,77,75.61,13.036,33.15
Humphreys,DEF,BUR,3.9,3,0.0,0.8,1320,0,2,2,1,51.8,0,True,2.863636363636364,10.76923076923077,0.1363636363636363,0.3859649122807017,2.6666666666666665,3.333333333333333,6,1.03125,1.96875,cold,differential,42,43.07,11.044,33.12
Ngumoha,MID,LIV,4.3,12,0.0,4.0,286,2,0,2,3,44.6,0,True,9.755244755244757,7.209302325581396,0.6293706293706294,0.083625730994152,2.6666666666666665,3.333333333333333,6,1.625,1.3125,average,differential,31,31.65,7.36,33.09
Kamara,MID,AVL,4.9,2,0.0,0.0,1410,1,3,5,7,64.2,1,False,3.893617021276596,12.448979591836734,0.2553191489361702,0.4122807017543859,2.833333333333333,3.1666666666666665,6,1.34375,1.1875,cold,differential,61,71.51,14.594,33.03
Laurent,MID,BUR,4.8,3,0.0,-0.2,1576,1,0,2,1,53.9,0,True,2.855329949238578,10.416666666666668,0.0571065989847715,0.4608187134502924,2.6666666666666665,3.333333333333333,6,1.03125,1.96875,,differential,50,51.25,10.677,32.99
Robertson,DEF,LIV,5.7,12,0.0,2.3,854,0,0,4,4,52.3,0,True,4.531615925058548,7.5438596491228065,0.0,0.2497076023391813,2.6666666666666665,3.333333333333333,6,1.625,1.3125,average,differential,43,42.94,7.533,32.9
Garnacho,MID,CHE,6.4,7,0.0,0.5,1170,1,4,4,3,90.8,0,True,4.076923076923077,8.28125,0.3846153846153846,0.3421052631578947,2.6666666666666665,3.333333333333333,6,1.65625,1.28125,cold,differential,53,53.11,8.298,32.75
Walker-Peters,DEF,WHU,4.2,19,0.0,2.0,1044,1,0,2,0,44.7,0,True,3.2758620689655173,9.047619047619047,0.0862068965517241,0.3052631578947368,2.6666666666666665,3.333333333333333,6,1.25,1.78125,cold,differential,38,38.64,9.2,32.75
Dominguez,MID,NFO,5.0,16,0.0,0.7,938,1,0,3,3,47.5,0,True,3.742004264392324,7.8,0.0959488272921108,0.2742690058479532,2.833333333333333,3.1666666666666665,6,1.0,1.375,cold,differential,39,39.48,7.896,32.74
Smith,DEF,BOU,4.4,4,0.0,0.2,805,0,1,4,2,19.8,0,True,4.3602484472049685,8.863636363636363,0.1118012422360248,0.2353801169590643,2.833333333333333,3.1666666666666665,6,1.5,1.53125,cold,differential,39,39.3,8.932,32.67
Canvot,DEF,CRY,4.5,8,0.0,2.0,791,0,0,4,7,31.8,0,True,5.9165613147914025,11.555555555555555,0.0,0.2312865497076023,2.4285714285714284,3.571428571428572,7,1.1290322580645162,1.1612903225806452,cold,differential,52,50.44,11.209,32.66
Veltman,DEF,BHA,4.3,6,0.0,0.5,844,1,0,1,1,35.8,0,True,3.9454976303317535,8.604651162790699,0.1066350710900473,0.2467836257309941,2.833333333333333,3.1666666666666665,6,1.34375,1.15625,cold,differential,37,37.33,8.681,32.55
J.Ramsey,MID,NEW,5.3,15,0.0,1.7,1141,2,1,1,1,57.2,0,True,3.312883435582822,7.924528301886792,0.2366345311130587,0.333625730994152,2.6666666666666665,3.333333333333333,6,1.40625,1.46875,cold,differential,42,43.44,8.196,32.55
Mainoo,MID,MUN,4.7,14,0.0,1.0,1158,0,2,3,0,57.3,1,True,3.5751295336787563,9.787234042553193,0.155440414507772,0.3385964912280702,2.6666666666666665,3.333333333333333,6,1.78125,1.40625,cold,differential,46,44.32,9.43,32.53
Ekdal,DEF,BUR,3.8,3,0.0,0.2,1269,0,0,2,2,41.9,0,True,3.191489361702128,11.842105263157896,0.0,0.3710526315789473,2.6666666666666665,3.333333333333333,6,1.03125,1.96875,cold,differential,45,43.32,11.4,32.5
Mamardashvili,GKP,LIV,4.1,12,0.0,3.7,630,0,0,2,2,19.9,0,True,4.285714285714286,7.317073170731708,0.0,0.1842105263157894,2.6666666666666665,3.333333333333333,6,1.625,1.3125,average,differential,30,30.22,7.371,32.34
Bornauw,DEF,LEE,3.8,11,0.0,0.0,304,0,0,1,0,9.4,0,True,5.032894736842105,4.473684210526316,0.0,0.0888888888888888,3.333333333333333,2.6666666666666665,6,1.21875,1.53125,cold,differential,17,15.47,4.071,32.28
White,DEF,ARS,5.1,1,0.0,0.5,484,0,1,3,3,28.5,0,True,5.7644628099173545,6.07843137254902,0.1859504132231405,0.1415204678362573,3.0,3.0,6,1.9375,0.75,cold,differential,31,31.39,6.155,32.28
J.Cuenca,DEF,FUL,4.3,10,0.0,0.0,931,0,0,2,1,30.7,0,True,3.7701396348012888,9.069767441860463,0.0,0.2722222222222222,2.833333333333333,3.1666666666666665,6,1.34375,1.4375,cold,differential,39,37.98,8.833,32.02
Gallagher,MID,TOT,5.0,18,0.0,1.7,742,0,1,0,0,30.7,0,True,2.911051212938005,4.8,0.1212938005390835,0.2169590643274853,3.0,3.0,6,1.25,1.59375,cold,differential,24,25.0,5.0,32.0
Sancho,MID,AVL,5.8,2,0.0,2.0,752,0,2,2,0,60.1,0,True,3.829787234042553,5.517241379310345,0.2393617021276595,0.2198830409356725,2.833333333333333,3.1666666666666665,6,1.34375,1.1875,cold,differential,32,33.14,5.714,31.88
Morato,DEF,NFO,4.3,16,0.0,0.0,938,0,0,2,1,31.4,0,True,3.3582089552238803,8.13953488372093,0.0,0.2742690058479532,2.833333333333333,3.1666666666666665,6,1.0,1.375,cold,differential,35,37.32,8.679,31.77
Douglas Luiz,MID,AVL,4.9,2,0.0,0.7,814,1,1,1,0,53.7,0,True,3.4275184275184274,6.326530612244897,0.2211302211302211,0.2380116959064327,2.833333333333333,3.1666666666666665,6,1.34375,1.1875,cold,differential,31,36.28,7.404,31.73
Angel,MID,WOL,4.7,20,0.0,1.5,379,0,0,1,0,12.6,1,True,2.849604221635884,2.553191489361702,0.0,0.1108187134502924,3.1666666666666665,2.833333333333333,6,0.75,1.8125,cold,differential,12,16.66,3.545,31.7
Elanga,MID,NEW,6.5,15,0.0,1.7,1269,0,1,2,0,55.3,0,True,3.191489361702128,6.923076923076923,0.0709219858156028,0.3710526315789473,2.6666666666666665,3.333333333333333,6,1.40625,1.46875,cold,differential,45,44.09,6.783,31.67
Bobb,MID,FUL,5.1,10,0.0,1.3,813,0,2,3,0,51.5,0,True,3.763837638376384,6.666666666666667,0.2214022140221402,0.237719298245614,2.833333333333333,3.1666666666666665,6,1.34375,1.4375,cold,differential,34,33.86,6.639,31.61
Mayenda,FWD,SUN,5.2,17,0.0,0.3,750,2,0,3,5,35.5,0,True,4.68,7.5,0.24,0.219298245614035,2.833333333333333,3.1666666666666665,6,1.03125,1.125,cold,differential,39,38.56,7.415,31.59
Mosquera,DEF,ARS,5.3,1,0.0,0.5,681,0,0,2,1,21.9,0,True,3.8325991189427313,5.471698113207547,0.0,0.1991228070175438,3.0,3.0,6,1.9375,0.75,cold,differential,29,29.37,5.542,31.43
Todibo,DEF,WHU,4.3,19,0.0,0.0,1701,0,1,1,1,46.1,0,True,2.3280423280423284,10.232558139534884,0.0529100529100529,0.4973684210526315,2.6666666666666665,3.333333333333333,6,1.25,1.78125,cold,differential,44,43.64,10.149,31.36
Muniz,FWD,FUL,5.3,10,0.0,2.0,719,1,1,2,3,38.7,0,True,3.630041724617525,5.471698113207547,0.2503477051460361,0.2102339181286549,2.833333333333333,3.1666666666666665,6,1.34375,1.4375,cold,differential,29,30.45,5.745,31.35
Grealish,MID,EVE,6.3,9,0.0,0.0,1627,2,6,7,12,129.2,1,False,4.370006146281499,12.53968253968254,0.4425322679778734,0.4757309941520468,2.6666666666666665,3.333333333333333,6,1.21875,1.15625,cold,differential,79,81.64,12.959,31.18
Bogarde,DEF,AVL,4.0,2,0.0,0.0,797,0,0,2,4,17.6,0,True,3.83939774153074,8.5,0.0,0.2330409356725146,2.833333333333333,3.1666666666666665,6,1.34375,1.1875,cold,differential,34,34.3,8.575,31.08
Doherty,DEF,WOL,4.4,20,0.0,0.0,702,0,0,1,0,18.6,1,True,1.5384615384615383,2.727272727272727,0.0,0.2052631578947368,3.1666666666666665,2.833333333333333,6,0.75,1.8125,cold,differential,12,20.39,4.634,30.93
Kamada,MID,CRY,5.0,8,0.0,0.5,1493,0,2,6,0,56.2,0,True,3.2551908908238447,10.8,0.1205626255860683,0.4365497076023392,2.4285714285714284,3.571428571428572,7,1.1290322580645162,1.1612903225806452,cold,differential,54,53.92,10.784,30.75
Cairney,MID,FUL,4.8,10,0.0,1.0,625,1,0,2,1,24.0,0,True,4.608,6.666666666666667,0.144,0.1827485380116959,2.833333333333333,3.1666666666666665,6,1.34375,1.4375,cold,differential,32,31.69,6.602,30.68
Piroe,FWD,LEE,4.9,11,0.0,0.0,215,0,0,1,0,13.8,0,True,5.8604651162790695,2.8571428571428568,0.0,0.0628654970760233,3.333333333333333,2.6666666666666665,6,1.21875,1.53125,cold,differential,14,12.48,2.547,30.57
Udogie,DEF,TOT,4.3,18,0.0,1.0,1004,0,1,0,0,40.7,0,True,1.613545816733068,4.186046511627907,0.0896414342629482,0.2935672514619883,3.0,3.0,6,1.25,1.59375,cold,differential,18,22.33,5.193,30.51
S.Magassa,MID,WHU,5.0,19,0.0,0.7,969,1,0,2,2,30.9,0,True,3.8080495356037143,8.2,0.0928792569659442,0.2833333333333333,2.6666666666666665,3.333333333333333,6,1.25,1.78125,cold,differential,41,40.51,8.102,30.34
Mount,MID,MUN,5.9,14,0.0,0.3,813,3,0,3,3,51.9,0,True,5.202952029520295,7.966101694915253,0.3321033210332103,0.237719298245614,2.6666666666666665,3.333333333333333,6,1.78125,1.40625,cold,differential,47,44.78,7.59,30.23
Johnson,MID,CRY,6.5,8,0.0,1.0,1287,2,1,5,2,62.7,0,True,3.846153846153846,8.461538461538462,0.2097902097902098,0.3763157894736842,2.4285714285714284,3.571428571428572,7,1.1290322580645162,1.1612903225806452,cold,differential,55,54.63,8.405,29.97
Marmoush,MID,MCI,8.3,13,0.0,0.0,566,1,3,3,4,50.4,0,True,6.360424028268551,4.819277108433735,0.6360424028268551,0.1654970760233918,2.857142857142857,3.142857142857143,7,2.032258064516129,0.9032258064516128,cold,differential,40,39.76,4.79,29.88
Rigg,MID,SUN,4.7,17,0.0,1.7,637,0,0,3,1,23.6,0,True,3.249607535321821,4.893617021276596,0.0,0.1862573099415204,2.833333333333333,3.1666666666666665,6,1.03125,1.125,cold,differential,23,26.02,5.536,29.83
Cullen,MID,BUR,4.9,3,0.0,0.0,1513,2,2,3,8,66.0,1,False,4.163912756113682,14.285714285714285,0.2379378717779246,0.4423976608187134,2.6666666666666665,3.333333333333333,6,1.03125,1.96875,cold,differential,70,70.16,14.318,29.8
Kilman,DEF,WHU,4.1,19,0.0,0.0,1559,0,0,1,0,50.9,0,True,2.078255291853752,8.78048780487805,0.0,0.4558479532163743,2.6666666666666665,3.333333333333333,6,1.25,1.78125,cold,differential,36,37.43,9.129,29.36
Kostoulas,FWD,BHA,4.8,6,0.0,0.2,300,2,1,1,3,40.1,0,True,9.3,6.458333333333334,0.8999999999999999,0.087719298245614,2.833333333333333,3.1666666666666665,6,1.34375,1.15625,cold,differential,31,31.38,6.537,29.33
Delap,FWD,CHE,6.2,7,0.0,0.8,838,1,2,2,1,42.4,0,True,4.295942720763723,6.451612903225806,0.3221957040572792,0.2450292397660818,2.6666666666666665,3.333333333333333,6,1.65625,1.28125,cold,differential,40,40.07,6.463,29.23
Tchaouna,MID,BUR,4.8,3,0.0,0.2,846,1,1,2,0,33.2,0,True,4.148936170212766,8.125,0.2127659574468085,0.2473684210526315,2.6666666666666665,3.333333333333333,6,1.03125,1.96875,cold,differential,39,38.78,8.079,29.19
Disasi,DEF,WHU,4.5,19,0.0,2.3,720,0,0,4,0,21.3,0,True,3.375,6.0,0.0,0.2105263157894736,2.6666666666666665,3.333333333333333,6,1.25,1.78125,average,differential,27,28.56,6.347,29.1
Acheampong,DEF,CHE,3.7,7,0.0,0.2,569,1,0,2,5,23.3,0,True,5.377855887521968,9.18918918918919,0.1581722319859402,0.1663742690058479,2.6666666666666665,3.333333333333333,6,1.65625,1.28125,cold,differential,34,34.18,9.238,29.08
J.Arias,MID,WOL,4.9,20,0.0,0.0,1117,1,0,2,2,52.1,0,False,3.625783348254252,9.183673469387754,0.0805729632945389,0.3266081871345029,3.1666666666666665,2.833333333333333,6,0.75,1.8125,cold,differential,45,44.24,9.029,28.97
Potts,MID,WHU,4.3,19,0.0,0.7,1151,0,1,1,0,36.5,0,True,2.8149435273675065,8.372093023255815,0.0781928757602085,0.3365497076023391,2.6666666666666665,3.333333333333333,6,1.25,1.78125,cold,differential,36,34.04,7.916,28.87
Broja,FWD,BUR,5.2,3,0.0,0.2,815,1,1,1,2,36.2,0,True,4.41717791411043,7.692307692307692,0.2208588957055214,0.2383040935672514,2.6666666666666665,3.333333333333333,6,1.03125,1.96875,cold,differential,40,38.99,7.498,28.82
L.Paquetá,MID,WHU,5.9,19,0.0,0.0,1513,4,2,3,8,95.7,0,False,4.104428288169201,11.694915254237287,0.356906807666887,0.4423976608187134,2.6666666666666665,3.333333333333333,6,1.25,1.78125,cold,differential,69,72.22,12.241,28.73
Joelinton,MID,NEW,5.9,15,0.0,1.3,1770,2,1,5,2,87.9,1,False,3.406779661016949,11.35593220338983,0.1525423728813559,0.5175438596491229,2.6666666666666665,3.333333333333333,6,1.40625,1.46875,cold,differential,67,65.59,11.117,28.57
Bruun Larsen,MID,BUR,5.2,3,0.0,0.2,984,0,1,3,0,43.9,0,True,3.3841463414634148,7.115384615384615,0.0914634146341463,0.287719298245614,2.6666666666666665,3.333333333333333,6,1.03125,1.96875,cold,differential,37,37.74,7.258,28.39
Hughes,MID,CRY,4.7,8,0.0,1.0,1353,0,1,5,0,54.8,0,True,2.7272727272727275,8.72340425531915,0.0665188470066518,0.3956140350877193,2.4285714285714284,3.571428571428572,7,1.1290322580645162,1.1612903225806452,cold,differential,41,43.78,9.315,28.39
Tosin,DEF,CHE,4.0,7,0.0,0.2,743,0,0,2,2,28.4,0,True,4.118438761776581,8.5,0.0,0.217251461988304,2.6666666666666665,3.333333333333333,6,1.65625,1.28125,cold,differential,34,33.57,8.392,28.34
Ugarte,MID,MUN,4.7,14,0.0,1.7,876,0,0,1,0,29.8,0,True,3.904109589041096,8.085106382978724,0.0,0.256140350877193,2.6666666666666665,3.333333333333333,6,1.78125,1.40625,cold,differential,38,29.39,6.253,28.27
O'Nien,DEF,SUN,4.0,17,0.0,2.7,318,0,0,2,0,5.2,0,True,4.528301886792453,4.0,0.0,0.0929824561403508,2.833333333333333,3.1666666666666665,6,1.03125,1.125,average,differential,16,15.46,3.865,28.01
Lindelöf,DEF,AVL,4.5,2,0.0,0.7,662,0,1,1,0,18.2,0,True,3.262839879154079,5.333333333333333,0.1359516616314199,0.1935672514619883,2.833333333333333,3.1666666666666665,6,1.34375,1.1875,cold,differential,24,24.39,5.42,27.87
G.Jesus,FWD,ARS,6.4,1,0.0,0.5,318,2,0,0,0,36.9,0,True,5.09433962264151,2.8125,0.5660377358490566,0.0929824561403508,3.0,3.0,6,1.9375,0.75,cold,differential,18,20.23,3.161,27.85
Andrey Santos,MID,CHE,4.5,7,0.0,0.8,1063,0,0,1,0,37.5,0,True,2.8786453433678267,7.555555555555555,0.0,0.3108187134502924,2.6666666666666665,3.333333333333333,6,1.65625,1.28125,cold,differential,34,31.5,7.0,27.85
Edozie,MID,WOL,4.3,20,0.0,0.5,11,1,0,0,0,5.8,0,True,57.27272727272727,1.627906976744186,8.181818181818182,0.0032163742690058,3.1666666666666665,2.833333333333333,6,0.75,1.8125,cold,differential,7,8.91,2.072,27.51
Buonanotte,MID,LEE,4.6,11,0.0,0.0,69,0,0,0,0,5.0,0,True,2.608695652173913,0.4347826086956522,0.0,0.0201754385964912,3.333333333333333,2.6666666666666665,6,1.21875,1.53125,cold,differential,2,3.62,0.787,27.49
Zirkzee,FWD,MUN,5.8,14,0.0,0.0,509,2,1,1,6,50.6,0,True,6.542239685658153,6.379310344827586,0.5304518664047151,0.1488304093567251,2.6666666666666665,3.333333333333333,6,1.78125,1.40625,cold,differential,37,37.29,6.429,27.39
Ward-Prowse,MID,BUR,5.6,3,0.0,1.2,818,0,1,2,0,49.6,0,True,3.190709046454768,5.178571428571429,0.1100244498777506,0.2391812865497076,2.6666666666666665,3.333333333333333,6,1.03125,1.96875,cold,differential,29,30.88,5.514,27.28
Savinho,MID,MCI,6.9,13,0.0,0.3,575,0,2,2,0,46.3,0,True,4.3826086956521735,4.057971014492753,0.3130434782608695,0.1681286549707602,2.857142857142857,3.142857142857143,7,2.032258064516129,0.9032258064516128,cold,differential,28,27.31,3.958,27.19
Awoniyi,FWD,NFO,5.2,16,0.0,1.3,268,2,0,0,1,27.3,0,True,6.716417910447761,3.846153846153846,0.6716417910447761,0.0783625730994152,2.833333333333333,3.1666666666666665,6,1.0,1.375,cold,differential,20,21.22,4.081,27.18
Aké,DEF,MCI,5.2,13,0.0,0.0,487,0,0,2,1,22.1,0,True,4.989733059548255,5.1923076923076925,0.0,0.1423976608187134,2.857142857142857,3.142857142857143,7,2.032258064516129,0.9032258064516128,cold,differential,27,25.68,4.938,27.1
Heaven,DEF,MUN,3.7,14,0.0,0.7,695,0,1,1,0,23.1,0,True,3.755395683453237,7.837837837837838,0.1294964028776978,0.2032163742690058,2.6666666666666665,3.333333333333333,6,1.78125,1.40625,cold,differential,29,26.97,7.289,26.97
Byram,DEF,LEE,3.7,11,0.0,0.0,7,0,0,0,0,0.0,0,True,12.857142857142858,0.2702702702702702,0.0,0.0020467836257309,3.333333333333333,2.6666666666666665,6,1.21875,1.53125,cold,differential,1,1.93,0.522,26.95
Mazraoui,DEF,MUN,4.9,14,0.0,0.7,724,0,0,2,3,24.5,0,True,3.729281767955801,6.122448979591836,0.0,0.2116959064327485,2.6666666666666665,3.333333333333333,6,1.78125,1.40625,cold,differential,30,30.18,6.159,26.82
Malen,MID,AVL,5.1,2,0.0,0.0,640,4,2,1,3,56.3,0,False,7.734375,10.784313725490197,0.84375,0.1871345029239766,2.833333333333333,3.1666666666666665,6,1.34375,1.1875,cold,differential,55,54.44,10.675,26.72
Wood,FWD,NFO,7.1,16,0.0,0.3,563,2,0,1,3,30.7,1,True,4.156305506216697,3.661971830985916,0.3197158081705151,0.1646198830409356,2.833333333333333,3.1666666666666665,6,1.0,1.375,cold,differential,26,26.95,3.796,26.61
Branthwaite,DEF,EVE,5.3,9,0.0,1.3,592,1,1,1,0,26.3,0,True,4.256756756756757,5.283018867924529,0.304054054054054,0.1730994152046783,2.6666666666666665,3.333333333333333,6,1.21875,1.15625,cold,differential,28,27.57,5.202,26.53
Odobert,MID,TOT,5.3,18,0.0,0.0,972,0,2,2,6,67.6,1,False,4.259259259259259,8.679245283018869,0.1851851851851851,0.2842105263157894,3.0,3.0,6,1.25,1.59375,cold,differential,46,46.57,8.787,26.51
Tuanzebe,DEF,BUR,3.9,3,0.0,0.0,931,1,0,1,0,28.9,0,True,2.610096670247046,6.923076923076923,0.0966702470461868,0.2722222222222222,2.6666666666666665,3.333333333333333,6,1.03125,1.96875,cold,differential,27,29.1,7.462,26.45
Munetsi,MID,WOL,5.3,20,0.0,0.0,872,1,2,0,1,42.1,0,False,3.922018348623853,7.169811320754717,0.3096330275229358,0.2549707602339181,3.1666666666666665,2.833333333333333,6,0.75,1.8125,cold,differential,38,38.23,7.213,26.44
Dowman,MID,ARS,4.2,1,0.0,0.5,79,1,1,0,0,13.7,0,True,13.670886075949369,2.857142857142857,2.278481012658228,0.0230994152046783,3.0,3.0,6,1.9375,0.75,cold,differential,12,13.03,3.102,26.33
Ramsdale,GKP,NEW,4.8,15,0.0,1.3,1003,0,0,1,1,21.0,0,True,2.243270189431705,5.208333333333334,0.0,0.2932748538011696,2.6666666666666665,3.333333333333333,6,1.40625,1.46875,cold,differential,25,25.43,5.298,26.16
Willock,MID,NEW,5.0,15,0.0,0.3,693,0,1,3,0,35.5,0,True,3.636363636363636,5.6,0.1298701298701298,0.2026315789473684,2.6666666666666665,3.333333333333333,6,1.40625,1.46875,cold,differential,28,29.53,5.906,25.89
Bentley,GKP,WOL,3.9,20,0.0,1.0,90,0,0,0,0,0.0,0,True,2.0,0.5128205128205129,0.0,0.0263157894736842,3.1666666666666665,2.833333333333333,6,0.75,1.8125,cold,differential,2,2.08,0.533,25.77
Havertz,FWD,ARS,7.3,1,0.0,0.5,314,0,1,3,0,15.1,0,True,3.726114649681529,1.7808219178082192,0.286624203821656,0.091812865497076,3.0,3.0,6,1.9375,0.75,cold,differential,13,14.14,1.937,25.72
Pablo,FWD,WHU,5.4,19,0.0,2.3,480,0,1,1,0,21.8,0,True,3.1875,3.148148148148148,0.1875,0.1403508771929824,2.6666666666666665,3.333333333333333,6,1.25,1.78125,average,differential,17,20.25,3.75,25.53
Ellborg,GKP,SUN,4.0,17,0.0,1.0,270,0,0,1,3,7.4,0,True,5.333333333333333,4.0,0.0,0.0789473684210526,2.833333333333333,3.1666666666666665,6,1.03125,1.125,cold,differential,16,15.77,3.943,25.5
Yates,MID,NFO,4.7,16,0.0,0.7,405,0,1,0,0,16.4,0,True,4.666666666666667,4.468085106382978,0.2222222222222222,0.1184210526315789,2.833333333333333,3.1666666666666665,6,1.0,1.375,cold,differential,21,18.03,3.836,25.43
Lewis-Skelly,DEF,ARS,5.0,1,0.0,0.5,401,0,0,0,0,11.7,0,True,2.917705735660848,2.6,0.0,0.117251461988304,3.0,3.0,6,1.9375,0.75,cold,differential,13,11.28,2.256,25.36
Pinnock,DEF,BRE,4.2,5,0.0,3.3,318,0,0,1,2,12.3,0,True,3.962264150943396,3.333333333333333,0.0,0.0929824561403508,2.5,3.5,6,1.5,1.375,average,differential,14,20.94,4.986,25.34
Pedro Lima,DEF,WOL,4.0,20,0.0,0.5,48,0,0,0,0,0.2,0,True,7.5,1.0,0.0,0.0140350877192982,3.1666666666666665,2.833333333333333,6,0.75,1.8125,cold,differential,4,2.95,0.738,25.33
Enes Ünal,FWD,BOU,5.4,4,0.0,0.5,175,1,0,0,1,13.7,0,True,11.82857142857143,4.259259259259259,0.5142857142857143,0.0511695906432748,2.833333333333333,3.1666666666666665,6,1.5,1.53125,cold,differential,23,19.6,3.63,25.29
Dragusin,DEF,TOT,4.5,18,0.0,0.0,513,0,0,0,0,15.3,0,True,2.631578947368421,3.333333333333333,0.0,0.15,3.0,3.0,6,1.25,1.59375,cold,differential,15,12.65,2.811,25.27
Lewis,DEF,MCI,4.6,13,0.0,0.0,311,0,1,1,2,20.7,0,True,5.498392282958199,4.130434782608696,0.2893890675241157,0.0909356725146198,2.857142857142857,3.142857142857143,7,2.032258064516129,0.9032258064516128,cold,differential,19,19.0,4.13,25.15
Chiesa,MID,LIV,6.3,12,0.0,0.0,277,2,1,0,0,31.1,0,True,11.046931407942235,5.396825396825397,0.9747292418772564,0.0809941520467836,2.6666666666666665,3.333333333333333,6,1.625,1.3125,cold,differential,34,31.28,4.965,25.11
M.Bizot,GKP,AVL,4.2,2,0.0,1.0,495,0,0,1,0,11.8,0,True,2.5454545454545454,3.333333333333333,0.0,0.1447368421052631,2.833333333333333,3.1666666666666665,6,1.34375,1.1875,cold,differential,14,14.78,3.519,24.99
Bissouma,MID,TOT,5.2,18,0.0,0.0,516,0,0,0,0,12.6,0,True,2.2674418604651163,2.5,0.0,0.1508771929824561,3.0,3.0,6,1.25,1.59375,cold,differential,13,12.34,2.373,24.89
Janelt,MID,BRE,4.9,5,0.0,0.0,1253,1,4,5,6,72.5,1,False,5.027932960893855,14.285714285714285,0.3591380686352753,0.3663742690058479,2.5,3.5,6,1.5,1.375,cold,differential,70,63.65,12.99,24.74
Alcaraz,MID,EVE,5.2,9,0.0,0.0,667,0,1,3,0,38.4,0,True,3.5082458770614693,5.0,0.1349325337331334,0.1950292397660818,2.6666666666666665,3.333333333333333,6,1.21875,1.15625,cold,differential,26,27.61,5.31,24.6
Lucas Pires,DEF,BUR,3.8,3,0.0,0.2,1110,0,0,1,0,47.5,0,True,1.6216216216216215,5.2631578947368425,0.0,0.3245614035087719,2.6666666666666665,3.333333333333333,6,1.03125,1.96875,cold,differential,20,23.06,6.068,24.52
Isak,FWD,LIV,10.3,12,0.0,0.3,522,2,1,1,2,27.8,0,True,5.172413793103448,2.912621359223301,0.5172413793103449,0.1526315789473684,2.6666666666666665,3.333333333333333,6,1.625,1.3125,cold,differential,30,30.99,3.009,24.11
Abraham,FWD,AVL,5.8,2,0.0,0.7,199,1,0,0,2,19.8,0,True,7.236180904522612,2.7586206896551726,0.4522613065326633,0.0581871345029239,2.833333333333333,3.1666666666666665,6,1.34375,1.1875,cold,differential,16,15.52,2.676,24.08
Milosavljević,DEF,BOU,4.4,4,0.0,0.0,367,0,0,1,0,12.2,0,True,4.659400544959128,4.3181818181818175,0.0,0.1073099415204678,2.833333333333333,3.1666666666666665,6,1.5,1.53125,cold,differential,19,16.64,3.782,24.02
O'Riley,MID,BHA,5.5,6,0.0,0.2,201,1,0,1,2,19.2,0,True,6.716417910447761,2.727272727272727,0.4477611940298507,0.0587719298245614,2.833333333333333,3.1666666666666665,6,1.34375,1.15625,cold,differential,15,15.49,2.816,23.4
Hannibal,MID,BUR,4.7,3,0.0,0.2,981,1,4,2,4,52.8,1,False,4.770642201834862,11.063829787234042,0.4587155963302752,0.2868421052631579,2.6666666666666665,3.333333333333333,6,1.03125,1.96875,cold,differential,52,50.1,10.66,23.36
Kinsky,GKP,TOT,3.9,18,0.0,1.0,180,0,0,0,0,1.3,0,True,1.5,0.7692307692307693,0.0,0.0526315789473684,3.0,3.0,6,1.25,1.59375,cold,differential,3,2.94,0.754,23.35
Reed,MID,FUL,4.3,10,0.0,0.3,26,1,0,0,2,6.8,0,True,45.00000000000001,3.0232558139534884,3.4615384615384617,0.0076023391812865,2.833333333333333,3.1666666666666665,6,1.34375,1.4375,cold,differential,13,13.18,3.065,23.26
Bailey,MID,AVL,5.5,2,0.0,0.3,334,0,1,0,0,23.7,0,True,3.502994011976048,2.363636363636364,0.2694610778443114,0.0976608187134503,2.833333333333333,3.1666666666666665,6,1.34375,1.1875,cold,differential,13,14.38,2.615,23.18
Trafford,GKP,MCI,4.5,13,0.0,0.0,270,0,0,1,0,10.1,0,True,3.6666666666666665,2.4444444444444446,0.0,0.0789473684210526,2.857142857142857,3.142857142857143,7,2.032258064516129,0.9032258064516128,cold,differential,11,12.64,2.809,22.9
Diop,DEF,FUL,4.3,10,0.0,0.0,592,0,0,0,0,13.6,0,True,1.9763513513513515,3.0232558139534884,0.0,0.1730994152046783,2.833333333333333,3.1666666666666665,6,1.34375,1.4375,cold,differential,13,13.38,3.112,22.87
Stones,DEF,MCI,5.4,13,0.0,0.0,351,0,0,1,0,9.8,1,True,3.076923076923077,2.222222222222222,0.0,0.1026315789473684,2.857142857142857,3.142857142857143,7,2.032258064516129,0.9032258064516128,cold,differential,12,13.47,2.494,22.84
Johnstone,GKP,WOL,4.4,20,0.0,0.0,1080,0,0,0,0,30.8,1,False,1.75,4.7727272727272725,0.0,0.3157894736842105,3.1666666666666665,2.833333333333333,6,0.75,1.8125,cold,differential,21,25.39,5.77,22.77
James,MID,LEE,5.2,11,0.0,0.2,405,0,0,1,0,26.5,1,False,4.0,3.461538461538461,0.0,0.1184210526315789,3.333333333333333,2.6666666666666665,6,1.21875,1.53125,cold,differential,18,18.12,3.485,22.71
Savona,DEF,NFO,4.5,16,0.0,0.0,1025,2,0,3,0,43.5,1,False,3.424390243902439,8.666666666666666,0.1756097560975609,0.2997076023391813,2.833333333333333,3.1666666666666665,6,1.0,1.375,cold,differential,39,40.61,9.024,22.7
Bakwa,MID,NFO,5.9,16,0.0,0.0,342,0,1,0,0,23.8,0,True,3.68421052631579,2.3728813559322037,0.2631578947368421,0.1,2.833333333333333,3.1666666666666665,6,1.0,1.375,cold,differential,14,14.41,2.442,22.6
Scarles,DEF,WHU,4.3,19,0.0,0.0,654,0,1,0,0,23.2,0,True,2.889908256880734,4.883720930232558,0.1376146788990825,0.1912280701754386,2.6666666666666665,3.333333333333333,6,1.25,1.78125,cold,differential,21,19.83,4.612,22.51
Agbadou,DEF,WOL,4.2,20,0.0,0.0,1100,0,0,0,0,46.4,0,False,1.8818181818181816,5.476190476190476,0.0,0.3216374269005848,3.1666666666666665,2.833333333333333,6,0.75,1.8125,cold,differential,23,23.62,5.624,22.3
Souza,DEF,TOT,4.0,18,0.0,0.0,142,0,0,0,0,6.2,0,True,1.9014084507042253,0.75,0.0,0.0415204678362573,3.0,3.0,6,1.25,1.59375,cold,differential,3,4.25,1.062,22.29
Hato,DEF,CHE,4.6,7,0.0,0.5,773,0,0,0,0,27.2,0,True,1.5135834411384217,2.8260869565217392,0.0,0.2260233918128655,2.6666666666666665,3.333333333333333,6,1.65625,1.28125,cold,differential,13,17.65,3.837,22.28
Wissa,FWD,NEW,7.3,15,0.0,0.7,423,1,0,1,0,22.1,0,True,4.468085106382978,2.8767123287671232,0.2127659574468085,0.1236842105263157,2.6666666666666665,3.333333333333333,6,1.40625,1.46875,cold,differential,21,19.54,2.677,22.14
Patterson,DEF,EVE,4.4,9,0.0,0.0,237,0,0,2,0,8.6,0,True,7.974683544303797,4.7727272727272725,0.0,0.069298245614035,2.6666666666666665,3.333333333333333,6,1.21875,1.15625,cold,differential,21,19.01,4.32,22.13
Cirkin,DEF,SUN,4.0,17,0.0,0.0,301,0,0,1,0,7.1,0,True,4.186046511627906,3.5,0.0,0.0880116959064327,2.833333333333333,3.1666666666666665,6,1.03125,1.125,cold,differential,14,10.88,2.72,22.08
Röhl,MID,EVE,5.0,9,0.0,0.3,358,0,0,2,0,16.6,0,True,4.5251396648044695,3.6,0.0,0.1046783625730994,2.6666666666666665,3.333333333333333,6,1.21875,1.15625,cold,differential,18,18.37,3.674,22.0
Kevin,MID,FUL,5.7,10,0.0,0.0,898,1,2,4,0,63.6,1,False,4.309576837416481,7.5438596491228065,0.3006681514476614,0.2625730994152047,2.833333333333333,3.1666666666666665,6,1.34375,1.4375,cold,differential,43,42.46,7.449,21.95
Gannon-Doak,MID,BOU,4.8,4,0.0,0.5,68,0,1,0,0,5.0,0,True,11.911764705882351,1.875,1.3235294117647058,0.0198830409356725,2.833333333333333,3.1666666666666665,6,1.5,1.53125,cold,differential,9,9.17,1.91,21.92
Devenny,MID,CRY,4.3,8,0.0,0.0,593,1,0,1,0,34.5,0,True,4.401349072512648,6.744186046511628,0.1517706576728499,0.173391812865497,2.4285714285714284,3.571428571428572,7,1.1290322580645162,1.1612903225806452,cold,differential,29,28.85,6.709,21.91
Nørgaard,MID,ARS,5.1,1,0.0,0.0,56,0,0,0,0,2.4,0,True,9.642857142857142,1.1764705882352942,0.0,0.0163742690058479,3.0,3.0,6,1.9375,0.75,cold,differential,6,3.38,0.663,21.82
Ortega Moreno,GKP,NFO,4.7,16,0.0,0.0,270,0,0,1,0,6.9,0,True,3.6666666666666665,2.3404255319148937,0.0,0.0789473684210526,2.833333333333333,3.1666666666666665,6,1.0,1.375,cold,differential,11,10.7,2.277,21.72
Armstrong,MID,EVE,4.5,9,0.0,0.0,495,0,0,1,0,20.5,0,True,3.4545454545454546,4.222222222222222,0.0,0.1447368421052631,2.6666666666666665,3.333333333333333,6,1.21875,1.15625,cold,differential,19,17.77,3.949,21.61
Hickey,DEF,BRE,4.0,5,0.0,0.0,588,0,0,2,0,13.9,0,True,5.051020408163265,8.25,0.0,0.1719298245614035,2.5,3.5,6,1.5,1.375,cold,differential,33,23.47,5.867,21.39
Adama,MID,WHU,5.1,19,0.0,0.7,360,0,0,0,0,16.0,0,True,6.0,4.705882352941177,0.0,0.1052631578947368,2.6666666666666665,3.333333333333333,6,1.25,1.78125,cold,differential,24,14.71,2.884,21.3
Rowswell,DEF,TOT,4.0,18,0.0,0.0,1,0,0,0,0,0.0,0,True,90.0,0.25,0.0,0.0002923976608187,3.0,3.0,6,1.25,1.59375,cold,differential,1,1.28,0.32,21.15
Olusesi,MID,TOT,4.3,18,0.0,0.0,14,0,0,0,0,0.2,0,True,6.428571428571429,0.2325581395348837,0.0,0.0040935672514619,3.0,3.0,6,1.25,1.59375,cold,differential,1,1.26,0.293,21.12
McAtee,MID,NFO,5.0,16,0.0,0.3,173,0,0,0,0,7.6,0,True,4.682080924855491,1.8,0.0,0.0505847953216374,2.833333333333333,3.1666666666666665,6,1.0,1.375,cold,differential,9,7.93,1.586,21.12
Byfield,DEF,TOT,4.0,18,0.0,0.0,1,0,0,0,0,0.1,0,True,90.0,0.25,0.0,0.0002923976608187,3.0,3.0,6,1.25,1.59375,cold,differential,1,0.95,0.237,21.02
Schär,DEF,NEW,5.2,15,0.0,0.0,1089,0,0,4,0,46.4,1,False,4.214876033057851,9.807692307692308,0.0,0.3184210526315789,2.6666666666666665,3.333333333333333,6,1.40625,1.46875,cold,differential,51,46.29,8.902,21.01
Worrall,DEF,BUR,3.8,3,0.0,0.0,496,0,0,0,0,17.0,0,True,3.629032258064516,5.2631578947368425,0.0,0.1450292397660818,2.6666666666666665,3.333333333333333,6,1.03125,1.96875,cold,differential,20,14.68,3.863,20.91
Lucca,FWD,NFO,5.4,16,0.0,0.0,119,1,0,1,0,7.9,0,True,6.050420168067227,1.4814814814814814,0.7563025210084033,0.0347953216374269,2.833333333333333,3.1666666666666665,6,1.0,1.375,cold,differential,8,8.93,1.654,20.91
Dibling,MID,EVE,5.3,9,0.0,0.0,349,0,0,2,0,13.6,0,True,4.641833810888252,3.39622641509434,0.0,0.102046783625731,2.6666666666666665,3.333333333333333,6,1.21875,1.15625,cold,differential,18,16.6,3.132,20.78
Bradley,DEF,LIV,4.9,12,0.0,0.0,928,0,2,4,2,32.3,1,False,4.073275862068965,8.571428571428571,0.1939655172413793,0.271345029239766,2.6666666666666665,3.333333333333333,6,1.625,1.3125,cold,differential,42,43.62,8.902,20.46
Tóth.A,MID,BOU,4.9,4,0.0,0.5,77,0,0,0,0,5.5,0,True,5.8441558441558445,1.020408163265306,0.0,0.0225146198830409,2.833333333333333,3.1666666666666665,6,1.5,1.53125,cold,differential,5,5.04,1.029,20.44
Kluivert,MID,BOU,6.9,4,0.0,0.0,914,2,0,4,3,57.8,1,False,3.938730853391685,5.797101449275362,0.1969365426695842,0.2672514619883041,2.833333333333333,3.1666666666666665,6,1.5,1.53125,cold,differential,40,40.56,5.878,20.43
Cook,MID,BOU,4.9,4,0.0,0.0,870,0,1,1,0,40.4,0,False,3.931034482758621,7.755102040816326,0.1034482758620689,0.2543859649122807,2.833333333333333,3.1666666666666665,6,1.5,1.53125,cold,differential,38,35.57,7.259,20.4
Harrison,MID,LEE,5.1,11,0.0,0.0,262,0,0,0,0,11.5,0,False,4.122137404580153,2.3529411764705883,0.0,0.0766081871345029,3.333333333333333,2.6666666666666665,6,1.21875,1.53125,cold,differential,12,11.83,2.32,20.27
Milner,MID,BHA,4.9,6,0.0,0.5,714,1,1,2,0,34.4,1,False,4.285714285714286,6.938775510204081,0.2521008403361344,0.2087719298245614,2.833333333333333,3.1666666666666665,6,1.34375,1.15625,cold,differential,34,32.83,6.7,20.21
De Ligt,DEF,MUN,4.9,14,0.0,0.0,1170,1,0,1,5,45.7,1,False,3.3076923076923075,8.775510204081632,0.0769230769230769,0.3421052631578947,2.6666666666666665,3.333333333333333,6,1.78125,1.40625,cold,differential,43,42.58,8.69,20.1
George,MID,EVE,4.8,9,0.0,0.3,261,0,0,1,0,13.9,0,True,3.793103448275862,2.291666666666667,0.0,0.0763157894736842,2.6666666666666665,3.333333333333333,6,1.21875,1.15625,cold,differential,11,12.69,2.644,20.09
Henry,DEF,BRE,4.3,5,0.0,0.0,1322,0,2,4,0,26.9,1,False,3.540090771558245,12.093023255813954,0.1361573373676248,0.3865497076023392,2.5,3.5,6,1.5,1.375,cold,differential,52,47.6,11.07,20.07
Alleyne,DEF,MCI,3.9,13,0.0,0.0,135,0,0,0,0,7.5,0,True,3.333333333333333,1.2820512820512822,0.0,0.0394736842105263,2.857142857142857,3.142857142857143,7,2.032258064516129,0.9032258064516128,cold,differential,5,4.31,1.105,19.96
Marc Guiu,FWD,CHE,4.0,7,0.0,0.0,247,0,1,0,0,12.6,0,True,4.372469635627531,3.0,0.3643724696356275,0.0722222222222222,2.6666666666666665,3.333333333333333,6,1.65625,1.28125,cold,differential,12,12.05,3.013,19.76
Elliott,MID,AVL,5.1,2,0.0,0.0,110,0,0,0,0,7.4,0,True,4.090909090909091,0.9803921568627452,0.0,0.0321637426900584,2.833333333333333,3.1666666666666665,6,1.34375,1.1875,cold,differential,5,5.28,1.035,19.72
Adingra,MID,SUN,4.9,17,0.0,0.0,649,1,1,4,3,27.0,0,False,4.714946070878274,6.938775510204081,0.2773497688751926,0.189766081871345,2.833333333333333,3.1666666666666665,6,1.03125,1.125,cold,differential,34,33.5,6.837,19.67
Jair Cunha,DEF,NFO,4.2,16,0.0,0.0,214,0,0,0,0,5.6,0,True,2.102803738317757,1.1904761904761905,0.0,0.0625730994152046,2.833333333333333,3.1666666666666665,6,1.0,1.375,cold,differential,5,4.59,1.093,19.62
A.García,DEF,AVL,3.9,2,0.0,0.3,38,0,0,0,0,0.6,0,True,9.473684210526317,1.0256410256410258,0.0,0.0111111111111111,2.833333333333333,3.1666666666666665,6,1.34375,1.1875,cold,differential,4,3.13,0.803,19.57
Gruda,MID,BHA,5.4,6,0.0,0.0,708,1,1,2,2,50.0,0,False,4.4491525423728815,6.481481481481481,0.2542372881355932,0.2070175438596491,2.833333333333333,3.1666666666666665,6,1.34375,1.15625,cold,differential,35,34.2,6.333,19.45
Kovačić,MID,MCI,5.8,13,0.0,0.3,13,0,0,0,0,0.8,0,True,13.846153846153848,0.3448275862068966,0.0,0.0038011695906432,2.857142857142857,3.142857142857143,7,2.032258064516129,0.9032258064516128,cold,differential,2,2.03,0.35,19.42
Bayindir,GKP,MUN,4.7,14,0.0,0.0,540,0,0,0,0,12.8,0,True,1.8333333333333333,2.3404255319148937,0.0,0.1578947368421052,2.6666666666666665,3.333333333333333,6,1.78125,1.40625,cold,differential,11,11.76,2.502,19.34
Alysson,MID,AVL,5.0,2,0.0,0.0,47,0,0,0,0,1.5,0,True,5.74468085106383,0.6,0.0,0.0137426900584795,2.833333333333333,3.1666666666666665,6,1.34375,1.1875,cold,differential,3,4.0,0.8,19.29
Kusi-Asare,FWD,FUL,4.5,10,0.0,0.0,30,0,0,0,0,2.1,0,True,12.0,0.8888888888888888,0.0,0.0087719298245614,2.833333333333333,3.1666666666666665,6,1.34375,1.4375,cold,differential,4,3.41,0.758,19.14
Igor,DEF,BHA,4.5,6,0.0,0.0,103,0,0,0,0,3.6,0,True,5.242718446601942,1.3333333333333333,0.0,0.0301169590643274,2.833333333333333,3.1666666666666665,6,1.34375,1.15625,cold,differential,6,3.28,0.729,19.09
Abbott,DEF,NFO,3.8,16,0.0,0.0,120,0,0,0,0,3.2,0,True,1.5,0.5263157894736842,0.0,0.0350877192982456,2.833333333333333,3.1666666666666665,6,1.0,1.375,cold,differential,2,2.85,0.75,19.01
Lavia,MID,CHE,4.9,7,0.0,0.5,243,0,0,0,0,7.3,0,True,3.333333333333333,1.8367346938775508,0.0,0.0710526315789473,2.6666666666666665,3.333333333333333,6,1.65625,1.28125,cold,differential,9,8.65,1.765,18.94
Howell,MID,BHA,4.5,6,0.0,0.0,92,0,0,0,0,1.8,0,True,3.91304347826087,0.8888888888888888,0.0,0.0269005847953216,2.833333333333333,3.1666666666666665,6,1.34375,1.15625,cold,differential,4,2.83,0.629,18.92
Soler,DEF,BOU,3.9,4,0.0,0.0,34,0,0,0,0,0.6,0,True,7.9411764705882355,0.7692307692307693,0.0,0.0099415204678362,2.833333333333333,3.1666666666666665,6,1.5,1.53125,cold,differential,3,2.49,0.638,18.86
Netz,DEF,NFO,4.5,16,0.0,0.0,48,0,0,0,0,1.1,0,True,3.75,0.4444444444444444,0.0,0.0140350877192982,2.833333333333333,3.1666666666666665,6,1.0,1.375,cold,differential,2,2.13,0.473,18.67
Gunn,GKP,NFO,4.0,16,0.0,0.0,45,0,0,0,0,0.1,0,True,2.0,0.25,0.0,0.0131578947368421,2.833333333333333,3.1666666666666665,6,1.0,1.375,cold,differential,1,1.91,0.477,18.63
B.Badiashile,DEF,CHE,4.4,7,0.0,0.0,470,0,0,0,0,11.4,0,True,1.3404255319148937,1.5909090909090908,0.0,0.1374269005847953,2.6666666666666665,3.333333333333333,6,1.65625,1.28125,cold,differential,7,9.32,2.118,18.56
George Hemmings,MID,AVL,4.5,2,0.0,0.0,25,0,0,0,0,0.3,0,True,7.199999999999999,0.4444444444444444,0.0,0.0073099415204678,2.833333333333333,3.1666666666666665,6,1.34375,1.1875,cold,differential,2,1.72,0.382,18.52
March,MID,BHA,5.8,6,0.0,0.0,4,0,0,0,0,0.0,0,True,22.5,0.1724137931034483,0.0,0.0011695906432748,2.833333333333333,3.1666666666666665,6,1.34375,1.15625,cold,differential,1,1.73,0.298,18.46
Burrowes,MID,AVL,4.3,2,0.0,0.0,16,0,0,0,0,0.0,0,True,5.625,0.2325581395348837,0.0,0.0046783625730994,2.833333333333333,3.1666666666666665,6,1.34375,1.1875,cold,differential,1,1.36,0.316,18.4
Oriola,MID,BHA,4.5,6,0.0,0.0,1,0,0,0,0,0.0,0,True,90.0,0.2222222222222222,0.0,0.0002923976608187,2.833333333333333,3.1666666666666665,6,1.34375,1.15625,cold,differential,1,1.35,0.3,18.38
Traoré,MID,SUN,5.5,17,0.0,0.0,634,1,1,3,1,35.9,1,False,4.2586750788643535,5.454545454545454,0.2839116719242902,0.1853801169590643,2.833333333333333,3.1666666666666665,6,1.03125,1.125,cold,differential,30,30.24,5.498,18.04
Clyne,DEF,CRY,3.8,8,0.0,0.0,494,0,1,0,2,16.6,0,True,2.7327935222672064,3.947368421052632,0.1821862348178137,0.1444444444444444,2.4285714285714284,3.571428571428572,7,1.1290322580645162,1.1612903225806452,cold,differential,15,16.9,4.447,17.84
Fer López,MID,WOL,5.1,20,0.0,0.0,228,0,1,0,0,12.4,0,False,4.736842105263158,2.3529411764705883,0.3947368421052631,0.0666666666666666,3.1666666666666665,2.833333333333333,6,0.75,1.8125,cold,differential,12,12.69,2.488,17.81
Hoever,DEF,WOL,3.8,20,0.0,0.0,423,0,0,0,0,20.3,0,False,2.127659574468085,2.631578947368421,0.0,0.1236842105263157,3.1666666666666665,2.833333333333333,6,0.75,1.8125,cold,differential,10,10.43,2.745,17.53
Barnes,FWD,BUR,4.2,3,0.0,0.2,35,0,0,0,0,1.0,0,True,12.857142857142858,1.1904761904761905,0.0,0.0102339181286549,2.6666666666666665,3.333333333333333,6,1.03125,1.96875,cold,differential,5,4.68,1.114,17.2
Mohamadou Kanté,MID,WHU,4.5,19,0.0,0.3,32,0,0,0,0,2.7,0,True,19.6875,1.5555555555555556,0.0,0.0093567251461988,2.6666666666666665,3.333333333333333,6,1.25,1.78125,cold,differential,7,4.34,0.964,17.17
Chadi Riad,DEF,CRY,4.0,8,0.0,0.0,312,0,1,1,0,9.9,0,True,4.038461538461538,3.5,0.2884615384615384,0.0912280701754386,2.4285714285714284,3.571428571428572,7,1.1290322580645162,1.1612903225806452,cold,differential,14,15.35,3.838,17.08
Mayers,DEF,WHU,4.0,19,0.0,0.0,113,0,0,0,0,6.6,0,True,4.778761061946903,1.5,0.0,0.0330409356725146,2.6666666666666665,3.333333333333333,6,1.25,1.78125,cold,differential,6,4.88,1.22,17.01
Trésor,MID,BUR,4.3,3,0.0,0.2,34,0,0,0,0,2.4,0,True,13.23529411764706,1.162790697674419,0.0,0.0099415204678362,2.6666666666666665,3.333333333333333,6,1.03125,1.96875,cold,differential,5,4.22,0.981,17.01
Martinez,DEF,MUN,4.8,14,0.0,-1.0,959,0,0,3,3,32.5,1,False,3.3785192909280504,7.5,0.0,0.2804093567251462,2.6666666666666665,3.333333333333333,6,1.78125,1.40625,,differential,36,37.64,7.842,16.93
Nyoni,MID,LIV,4.3,12,0.0,0.3,14,0,0,0,0,1.8,0,True,32.14285714285714,1.162790697674419,0.0,0.0040935672514619,2.6666666666666665,3.333333333333333,6,1.625,1.3125,cold,differential,5,3.16,0.735,16.77
J.Fletcher,MID,MUN,4.3,14,0.0,0.0,107,0,0,0,0,4.8,0,True,2.5233644859813085,0.6976744186046512,0.0,0.0312865497076023,2.6666666666666665,3.333333333333333,6,1.78125,1.40625,cold,differential,3,3.67,0.853,16.49
Malacia,DEF,MUN,3.7,14,0.0,0.0,7,0,0,0,0,0.4,0,True,25.714285714285715,0.5405405405405405,0.0,0.0020467836257309,2.6666666666666665,3.333333333333333,6,1.78125,1.40625,cold,differential,2,1.86,0.503,15.87
Coleman,DEF,EVE,4.2,9,0.0,0.0,11,0,0,0,0,0.0,0,True,24.545454545454547,0.7142857142857143,0.0,0.0032163742690058,2.6666666666666665,3.333333333333333,6,1.21875,1.15625,cold,differential,3,1.83,0.436,15.82
Lacey,MID,MUN,4.5,14,0.0,0.0,12,0,0,0,0,1.5,0,True,15.0,0.4444444444444444,0.0,0.0035087719298245,2.6666666666666665,3.333333333333333,6,1.78125,1.40625,cold,differential,2,1.86,0.413,15.81
M.Sarr,DEF,CHE,4.5,7,0.0,0.0,91,0,0,0,0,1.3,0,True,1.978021978021978,0.4444444444444444,0.0,0.0266081871345029,2.6666666666666665,3.333333333333333,6,1.65625,1.28125,cold,differential,2,1.76,0.391,15.77
Fletcher,MID,MUN,4.4,14,0.0,0.0,1,0,0,0,0,0.1,0,True,90.0,0.2272727272727272,0.0,0.0002923976608187,2.6666666666666665,3.333333333333333,6,1.78125,1.40625,cold,differential,1,1.49,0.339,15.68
A.Murphy,DEF,NEW,3.8,15,0.0,0.0,1,0,0,0,0,0.2,0,True,90.0,0.2631578947368421,0.0,0.0002923976608187,2.6666666666666665,3.333333333333333,6,1.40625,1.46875,cold,differential,1,1.4,0.368,15.68
Bendito Mantato,MID,MUN,4.5,14,0.0,0.0,15,0,0,0,0,1.4,0,True,6.0,0.2222222222222222,0.0,0.0043859649122807,2.6666666666666665,3.333333333333333,6,1.78125,1.40625,cold,differential,1,1.49,0.331,15.67
Fredricson,DEF,MUN,3.7,14,0.0,0.0,2,0,0,0,0,0.4,0,True,45.0,0.2702702702702702,0.0,0.0005847953216374,2.6666666666666665,3.333333333333333,6,1.78125,1.40625,cold,differential,1,1.33,0.359,15.66
D.Essugo,MID,CHE,4.3,7,0.0,0.0,8,0,0,0,0,0.5,0,True,0.0,0.0,0.0,0.0023391812865497,2.6666666666666665,3.333333333333333,6,1.65625,1.28125,cold,differential,0,1.38,0.321,15.64
Gomez,DEF,LIV,4.9,12,0.0,0.3,512,0,2,2,2,21.3,1,False,5.44921875,6.326530612244897,0.3515625,0.1497076023391813,2.6666666666666665,3.333333333333333,6,1.625,1.3125,cold,differential,31,28.11,5.737,15.48
Uche,FWD,CRY,5.5,8,0.0,0.0,159,0,1,0,0,8.8,0,True,9.622641509433963,3.090909090909091,0.5660377358490566,0.0464912280701754,2.4285714285714284,3.571428571428572,7,1.1290322580645162,1.1612903225806452,cold,differential,17,11.36,2.065,14.99
Davies,DEF,TOT,4.3,18,0.0,0.0,136,1,0,0,1,14.2,1,False,6.61764705882353,2.3255813953488373,0.6617647058823529,0.039766081871345,3.0,3.0,6,1.25,1.59375,cold,differential,10,11.35,2.64,14.88
Nelson,MID,BRE,4.8,5,0.0,0.3,100,0,0,0,0,6.0,0,True,7.199999999999999,1.6666666666666667,0.0,0.0292397660818713,2.5,3.5,6,1.5,1.375,cold,differential,8,5.65,1.177,14.83
Guessand,MID,CRY,6.2,8,0.0,0.0,880,1,3,2,0,41.2,1,False,4.295454545454545,6.774193548387097,0.409090909090909,0.2573099415204678,2.4285714285714284,3.571428571428572,7,1.1290322580645162,1.1612903225806452,cold,differential,42,41.87,6.753,14.62
Kalajdžić,FWD,WOL,4.9,20,0.0,0.0,14,0,0,0,0,0.7,0,False,6.428571428571429,0.2040816326530612,0.0,0.0040935672514619,3.1666666666666665,2.833333333333333,6,0.75,1.8125,cold,differential,1,1.81,0.369,14.05
Chirewa,MID,WOL,4.3,20,0.0,0.0,25,0,0,0,0,0.4,0,False,7.199999999999999,0.4651162790697674,0.0,0.0073099415204678,3.1666666666666665,2.833333333333333,6,0.75,1.8125,cold,differential,2,1.49,0.347,13.97
Benitez,GKP,CRY,3.9,8,0.0,0.0,90,0,0,1,0,2.3,0,True,7.0,1.794871794871795,0.0,0.0263157894736842,2.4285714285714284,3.571428571428572,7,1.1290322580645162,1.1612903225806452,cold,differential,7,6.71,1.721,13.79
Sosa,DEF,CRY,4.8,8,0.0,0.5,54,0,0,0,0,2.8,0,True,10.0,1.25,0.0,0.0157894736842105,2.4285714285714284,3.571428571428572,7,1.1290322580645162,1.1612903225806452,cold,differential,6,4.54,0.946,13.56
Nwaneri,MID,ARS,5.0,1,0.0,0.0,165,0,0,1,0,5.4,1,False,4.363636363636364,1.6,0.0,0.0482456140350877,3.0,3.0,6,1.9375,0.75,cold,differential,8,8.3,1.66,13.55
Donovan,MID,BRE,4.4,5,0.0,0.0,38,0,0,0,0,4.2,0,True,9.473684210526317,0.9090909090909092,0.0,0.0111111111111111,2.5,3.5,6,1.5,1.375,cold,differential,4,3.22,0.732,13.55
Gittens,MID,CHE,6.0,7,0.0,0.0,486,0,2,1,0,31.3,1,False,4.62962962962963,4.166666666666667,0.3703703703703703,0.1421052631578947,2.6666666666666665,3.333333333333333,6,1.65625,1.28125,cold,differential,25,25.68,4.28,13.47
Tzimas,FWD,BHA,5.2,6,0.0,0.0,132,1,1,0,0,17.7,1,False,10.90909090909091,3.0769230769230766,1.3636363636363638,0.0385964912280701,2.833333333333333,3.1666666666666665,6,1.34375,1.15625,cold,differential,16,15.38,2.958,13.17
Valdimarsson,GKP,BRE,3.8,5,0.0,0.0,90,0,0,0,0,1.3,0,True,1.0,0.2631578947368421,0.0,0.0263157894736842,2.5,3.5,6,1.5,1.375,cold,differential,1,1.82,0.479,13.08
Angulo,MID,SUN,5.0,17,0.0,0.0,254,0,0,1,0,12.6,0,False,3.188976377952756,1.8,0.0,0.0742690058479532,2.833333333333333,3.1666666666666665,6,1.03125,1.125,cold,differential,9,12.45,2.49,12.23
Drakes-Thomas,MID,CRY,4.5,8,0.0,0.0,7,0,0,0,0,0.3,0,True,25.714285714285715,0.4444444444444444,0.0,0.0020467836257309,2.4285714285714284,3.571428571428572,7,1.1290322580645162,1.1612903225806452,cold,differential,2,2.34,0.52,12.03
John,GKP,NFO,4.0,16,0.0,0.0,437,0,0,1,0,5.7,1,False,2.265446224256293,2.75,0.0,0.1277777777777777,2.833333333333333,3.1666666666666665,6,1.0,1.375,cold,differential,11,10.62,2.655,11.98
Mundle,MID,SUN,4.9,17,0.0,0.0,399,0,0,0,0,12.7,1,False,3.1578947368421053,2.8571428571428568,0.0,0.1166666666666666,2.833333333333333,3.1666666666666665,6,1.03125,1.125,cold,differential,14,10.91,2.227,11.73
Rodney,MID,CRY,4.4,8,0.0,0.0,3,0,0,0,0,0.0,0,True,30.0,0.2272727272727272,0.0,0.0008771929824561,2.4285714285714284,3.571428571428572,7,1.1290322580645162,1.1612903225806452,cold,differential,1,1.3,0.295,11.66
Coppola,DEF,BHA,4.2,6,0.0,0.0,193,0,0,1,0,4.8,0,False,4.663212435233161,2.380952380952381,0.0,0.0564327485380116,2.833333333333333,3.1666666666666665,6,1.34375,1.15625,cold,differential,10,9.44,2.248,11.44
Zinchenko,DEF,NFO,4.9,16,0.0,0.0,352,0,0,0,0,18.6,0,False,1.7897727272727273,1.4285714285714284,0.0,0.1029239766081871,2.833333333333333,3.1666666666666665,6,1.0,1.375,cold,differential,7,9.87,2.014,11.36
Scarlett,FWD,TOT,4.3,18,0.0,0.0,7,0,0,0,0,0.7,0,False,25.714285714285715,0.4651162790697674,0.0,0.0020467836257309,3.0,3.0,6,1.25,1.59375,cold,differential,2,1.26,0.293,11.12
Sonne,DEF,BUR,3.8,3,0.0,0.0,164,1,0,0,0,9.2,0,False,7.134146341463415,3.421052631578948,0.5487804878048781,0.047953216374269,2.6666666666666665,3.333333333333333,6,1.03125,1.96875,cold,differential,13,13.29,3.497,10.36
H.Traorè,MID,BOU,4.5,4,0.0,0.0,16,0,1,0,0,3.1,1,False,22.5,0.8888888888888888,5.625,0.0046783625730994,2.833333333333333,3.1666666666666665,6,1.5,1.53125,cold,differential,4,5.73,1.273,9.98
Kalimuendo,FWD,NFO,6.0,16,0.0,0.0,89,0,0,0,0,6.3,0,False,9.101123595505618,1.5,0.0,0.0260233918128654,2.833333333333333,3.1666666666666665,6,1.0,1.375,cold,differential,9,5.69,0.948,9.74
Füllkrug,FWD,WHU,5.6,19,0.0,0.0,407,0,0,1,0,23.8,0,False,2.6535626535626538,2.142857142857143,0.0,0.1190058479532163,2.6666666666666665,3.333333333333333,6,1.25,1.78125,cold,differential,12,13.61,2.43,9.66
Endo,MID,LIV,4.9,12,0.0,0.0,170,0,1,1,0,8.0,1,False,6.352941176470589,2.4489795918367343,0.5294117647058824,0.0497076023391812,2.6666666666666665,3.333333333333333,6,1.625,1.3125,cold,differential,12,12.18,2.486,9.41
Watson,MID,BHA,4.8,6,0.0,0.0,57,0,0,0,0,1.6,1,False,7.894736842105264,1.0416666666666667,0.0,0.0166666666666666,2.833333333333333,3.1666666666666665,6,1.34375,1.15625,cold,differential,5,3.88,0.808,9.27
Nketiah,FWD,CRY,5.4,8,0.0,0.0,414,2,0,0,3,37.8,1,False,5.0,4.259259259259259,0.4347826086956522,0.1210526315789473,2.4285714285714284,3.571428571428572,7,1.1290322580645162,1.1612903225806452,cold,differential,23,23.8,4.407,9.23
Masuaku,DEF,SUN,3.9,17,0.0,0.0,125,0,0,0,0,4.9,0,False,0.72,0.2564102564102564,0.0,0.0365497076023391,2.833333333333333,3.1666666666666665,6,1.03125,1.125,cold,differential,1,2.87,0.736,9.01
Seelt,DEF,SUN,4.0,17,0.0,0.0,133,0,0,0,0,3.6,0,False,1.3533834586466165,0.5,0.0,0.0388888888888888,2.833333333333333,3.1666666666666665,6,1.03125,1.125,cold,differential,2,2.88,0.72,9.0
Mukasa,MID,MCI,4.4,13,0.0,0.0,25,0,0,0,0,3.7,0,False,7.199999999999999,0.4545454545454545,0.0,0.0073099415204678,2.857142857142857,3.142857142857143,7,2.032258064516129,0.9032258064516128,cold,differential,2,1.74,0.395,8.93
Neil,MID,SUN,4.8,17,0.0,0.0,13,0,0,0,0,0.4,0,False,20.76923076923077,0.625,0.0,0.0038011695906432,2.833333333333333,3.1666666666666665,6,1.03125,1.125,cold,differential,3,2.56,0.533,8.8
Jocelin.T,MID,SUN,4.9,17,0.0,0.0,38,0,0,0,0,1.0,1,False,2.3684210526315788,0.2040816326530612,0.0,0.0111111111111111,2.833333333333333,3.1666666666666665,6,1.03125,1.125,cold,differential,1,1.94,0.396,8.57
Roberts,MID,SUN,5.4,17,0.0,0.0,27,0,0,0,0,1.4,0,False,3.333333333333333,0.1851851851851851,0.0,0.0078947368421052,2.833333333333333,3.1666666666666665,6,1.03125,1.125,cold,differential,1,1.78,0.33,8.49
Jota,MID,NFO,5.4,16,0.0,0.0,11,0,0,0,0,1.0,0,False,8.181818181818182,0.1851851851851851,0.0,0.0032163742690058,2.833333333333333,3.1666666666666665,6,1.0,1.375,cold,differential,1,1.61,0.298,8.44
Winterburn,MID,BOU,4.5,4,0.0,0.0,6,0,0,0,0,0.0,0,False,15.0,0.2222222222222222,0.0,0.0017543859649122,2.833333333333333,3.1666666666666665,6,1.5,1.53125,cold,differential,1,1.4,0.311,8.4
Knight,MID,BHA,4.4,6,0.0,0.0,1,0,0,0,0,0.0,0,False,90.0,0.2272727272727272,0.0,0.0002923976608187,2.833333333333333,3.1666666666666665,6,1.34375,1.15625,cold,differential,1,1.35,0.307,8.39
Jimoh-Aloba,MID,AVL,4.5,2,0.0,0.0,8,0,0,0,0,0.1,0,False,11.25,0.2222222222222222,0.0,0.0023391812865497,2.833333333333333,3.1666666666666665,6,1.34375,1.1875,cold,differential,1,1.32,0.293,8.37
Irving,MID,WHU,4.3,19,0.0,0.0,156,0,0,0,0,8.6,0,False,5.1923076923076925,2.0930232558139537,0.0,0.0456140350877193,2.6666666666666665,3.333333333333333,6,1.25,1.78125,cold,differential,9,8.04,1.87,8.12
G.Rodriguez,MID,WHU,4.8,19,0.0,0.0,175,0,0,1,0,1.7,0,False,4.114285714285715,1.6666666666666667,0.0,0.0511695906432748,2.6666666666666665,3.333333333333333,6,1.25,1.78125,cold,differential,8,8.05,1.677,7.98
Carvalho,MID,BRE,4.6,5,0.0,0.0,100,1,0,0,1,8.1,1,False,11.7,2.8260869565217392,0.8999999999999999,0.0292397660818713,2.5,3.5,6,1.5,1.375,cold,differential,13,13.09,2.846,7.09
N.Aguerd,DEF,WHU,4.4,19,0.0,0.0,180,0,0,0,0,5.1,1,False,1.5,0.6818181818181818,0.0,0.0526315789473684,2.6666666666666665,3.333333333333333,6,1.25,1.78125,cold,differential,3,4.57,1.039,6.81
Jörgensen,GKP,CHE,4.3,7,0.0,0.0,264,0,0,0,0,5.9,1,False,2.0454545454545454,1.3953488372093024,0.0,0.0771929824561403,2.6666666666666665,3.333333333333333,6,1.65625,1.28125,cold,differential,6,4.48,1.042,6.8
L.Guilherme,MID,WHU,4.9,19,0.0,0.0,121,0,0,0,0,2.5,0,False,3.7190082644628095,1.020408163265306,0.0,0.0353801169590643,2.6666666666666665,3.333333333333333,6,1.25,1.78125,cold,differential,5,3.56,0.727,6.38
Onyeka,MID,BRE,4.8,5,0.0,0.0,88,0,2,0,0,4.6,0,False,12.272727272727272,2.5,2.0454545454545454,0.0257309941520467,2.5,3.5,6,1.5,1.375,cold,differential,12,11.27,2.348,6.36
Marshall,FWD,WHU,4.3,19,0.0,0.0,58,0,0,0,0,0.8,0,False,3.103448275862069,0.4651162790697674,0.0,0.0169590643274853,2.6666666666666665,3.333333333333333,6,1.25,1.78125,cold,differential,2,2.32,0.54,5.99
Banel,MID,BUR,4.5,3,0.0,0.0,9,0,0,0,0,0.0,0,False,10.0,0.2222222222222222,0.0,0.0026315789473684,2.6666666666666665,3.333333333333333,6,1.03125,1.96875,cold,differential,1,2.12,0.471,5.9
Lascelles,DEF,NEW,4.3,15,0.0,0.0,19,0,0,0,0,1.7,0,False,4.7368421052631575,0.2325581395348837,0.0,0.0055555555555555,2.6666666666666665,3.333333333333333,6,1.40625,1.46875,cold,differential,1,2.03,0.472,5.88
Earthy,MID,WHU,4.5,19,0.0,0.0,8,0,0,0,0,0.4,0,False,11.25,0.2222222222222222,0.0,0.0023391812865497,2.6666666666666665,3.333333333333333,6,1.25,1.78125,cold,differential,1,2.03,0.451,5.87
Krafth,DEF,NEW,4.3,15,0.0,0.0,45,0,0,0,0,0.3,1,False,0.0,0.0,0.0,0.0131578947368421,2.6666666666666665,3.333333333333333,6,1.40625,1.46875,cold,differential,0,1.25,0.291,5.59
Milambo,MID,BRE,5.2,5,0.0,0.0,45,0,0,0,0,0.6,1,False,2.0,0.1923076923076923,0.0,0.0131578947368421,2.5,3.5,6,1.5,1.375,cold,differential,1,2.24,0.431,3.13
Peart-Harris,MID,BRE,4.4,5,0.0,0.0,1,0,0,0,0,0.0,0,False,90.0,0.2272727272727272,0.0,0.0002923976608187,2.5,3.5,6,1.5,1.375,cold,differential,1,1.48,0.336,2.91
Esse,MID,CRY,4.7,8,0.0,0.0,40,0,0,0,0,1.5,0,False,9.0,0.851063829787234,0.0,0.0116959064327485,2.4285714285714284,3.571428571428572,7,1.1290322580645162,1.1612903225806452,cold,differential,4,3.53,0.751,2.44
Édouard,FWD,CRY,5.0,8,0.0,0.0,2,0,0,0,0,0.2,0,False,45.0,0.2,0.0,0.0005847953216374,2.4285714285714284,3.571428571428572,7,1.1290322580645162,1.1612903225806452,cold,differential,1,2.4,0.48,2.02
